Id,LotFrontage,LotArea,HouseStyle,OverallQual,OverallCond,YearBuilt,TotalBsmtSF,CentralAir,1stFlrSF,2ndFlrSF,FullBath,TotalRooms,GarageCars,GarageArea,YrSold,SalePrice
1,65.0,8450.0,2Story,7,5,2003,856,Y,856,854,2,8,2,548,2008,208500
2,80.0,9600.0,1Story,6,8,1976,,Y,1262,0,2,6,2,460,2007,181500
3,68.0,11250.0,2Story,7,5,2001,920,Y,920,866,2,6,2,608,2008,223500
4,60.0,9550.0,2Story,7,5,1915,,Y,961,756,1,7,3,642,2006,140000
5,84.0,14260.0,2Story,8,5,2000,1145,Y,1145,1053,2,9,3,836,2008,250000
6,85.0,14115.0,1.5Fin,5,5,1993,,Y,796,566,1,5,2,480,2009,143000
7,75.0,10084.0,1Story,8,5,2004,1686,Y,1694,0,2,7,2,636,2007,307000
8,,10382.0,2Story,7,6,1973,1107,Y,1107,983,2,7,2,484,2009,200000
9,51.0,6120.0,1.5Fin,7,5,1931,952,Y,1022,752,2,8,2,468,2008,129900
10,50.0,,1.5Unf,5,6,1939,,Y,1077,0,1,5,1,205,2008,118000
11,70.0,11200.0,1Story,5,5,1965,,Y,1040,0,1,5,1,384,2008,129500
12,85.0,11924.0,2Story,9,5,2005,1175,Y,1182,1142,3,11,3,736,2006,345000
13,,12968.0,1Story,5,6,1962,,Y,912,0,1,4,1,352,2008,144000
14,91.0,10652.0,1Story,7,5,2006,,Y,1494,0,2,7,3,840,2007,279500
15,,10920.0,1Story,6,5,1960,,Y,1253,0,1,5,1,352,2008,157000
16,51.0,6120.0,1.5Unf,7,8,1929,832,Y,854,0,1,5,2,576,2007,132000
17,,11241.0,1Story,6,7,1970,,Y,1004,0,1,5,2,480,2010,149000
18,72.0,10791.0,1Story,4,5,1967,0,Y,1296,0,2,6,2,516,2006,90000
19,66.0,13695.0,1Story,5,5,2004,1114,Y,1114,0,1,6,2,576,2008,159000
20,70.0,7560.0,1Story,5,6,1958,1029,Y,1339,0,1,6,1,294,2009,139000
21,101.0,14215.0,2Story,8,5,2005,1158,Y,1158,1218,3,9,3,853,2006,325300
22,57.0,7449.0,1.5Unf,7,7,1930,637,Y,1108,0,1,6,1,280,2007,139400
23,75.0,9742.0,1Story,8,5,2002,1777,Y,1795,0,2,7,2,534,2008,230000
24,44.0,4224.0,1Story,5,7,1976,1040,Y,1060,0,1,6,2,572,2007,129900
25,,8246.0,1Story,5,8,1968,1060,Y,1060,0,1,6,1,270,2010,154000
26,110.0,14230.0,1Story,8,5,2007,,Y,1600,0,2,7,3,890,2009,256300
27,60.0,,1Story,5,7,1951,900,Y,900,0,1,5,2,576,2010,134800
28,98.0,,1Story,8,5,2007,,Y,1704,0,2,7,3,772,2010,306000
29,47.0,16321.0,1Story,5,6,1957,,Y,1600,0,1,6,1,319,2006,207500
30,60.0,6324.0,1Story,4,6,1927,520,N,520,0,1,4,1,240,2008,68500
31,50.0,8500.0,2Story,4,4,1920,649,N,649,668,1,6,1,250,2008,40000
32,,8544.0,1Story,5,6,1966,,Y,1228,0,1,6,1,271,2008,149350
33,85.0,11049.0,1Story,8,5,2007,,Y,1234,0,2,7,2,484,2008,179900
34,70.0,10552.0,1Story,5,5,1959,1398,Y,1700,0,1,6,2,447,2010,165500
35,60.0,7313.0,1Story,9,5,2005,,Y,1561,0,2,6,2,556,2007,277500
36,108.0,13418.0,2Story,8,5,2004,1117,Y,1132,1320,3,9,3,691,2006,309000
37,112.0,,1Story,5,5,1994,,Y,1097,0,1,6,2,672,2009,145000
38,74.0,8532.0,1Story,5,6,1954,1297,Y,1297,0,1,5,2,498,2009,153000
39,68.0,7922.0,1Story,5,7,1953,1057,Y,1057,0,1,5,1,246,2010,109000
40,65.0,6040.0,1Story,4,5,1955,0,N,1152,0,2,6,0,0,2008,82000
41,84.0,8658.0,1Story,6,5,1965,,Y,1324,0,2,6,2,440,2006,160000
42,115.0,16905.0,1Story,5,6,1959,1350,Y,1328,0,1,5,1,308,2007,170000
43,,9180.0,SFoyer,5,7,1983,,Y,884,0,1,5,2,504,2007,144000
44,,9200.0,1Story,5,6,1975,,Y,938,0,1,5,1,308,2008,130250
45,70.0,7945.0,1Story,5,6,1959,1150,Y,1150,0,1,6,1,300,2006,141000
46,61.0,7658.0,1Story,9,5,2005,1752,Y,1752,0,2,6,2,576,2010,319900
47,48.0,,1.5Fin,7,5,2003,1434,Y,1518,631,1,6,2,670,2009,239686
48,84.0,11096.0,1Story,8,5,2006,1656,Y,1656,0,2,7,3,826,2007,249700
49,33.0,4456.0,2Story,4,5,1920,736,Y,736,716,2,8,0,0,2009,113000
50,66.0,7742.0,1Story,5,7,1966,,Y,955,0,1,6,1,386,2007,127000
51,,13869.0,2Story,6,6,1997,,Y,794,676,2,6,2,388,2007,177000
52,52.0,6240.0,1.5Fin,6,6,1934,816,Y,816,0,1,6,2,528,2006,114500
53,110.0,8472.0,1Story,5,5,1963,816,N,816,0,1,5,2,516,2010,110000
54,68.0,50271.0,1Story,9,5,1981,1842,Y,1842,0,0,5,3,894,2006,385000
55,60.0,7134.0,SLvl,5,5,1955,,Y,1360,0,1,6,2,572,2007,130000
56,100.0,10175.0,1Story,6,5,1964,,Y,1425,0,2,7,2,576,2008,180500
57,24.0,2645.0,2Story,8,5,1999,,Y,983,756,2,7,2,480,2009,172500
58,89.0,11645.0,2Story,7,5,2004,860,Y,860,860,2,7,2,565,2006,196500
59,66.0,13682.0,2Story,10,5,2006,,Y,1426,1519,3,10,3,641,2006,438780
60,60.0,7200.0,1Story,5,7,1972,780,Y,780,0,1,4,1,352,2008,124900
61,63.0,13072.0,1Story,6,5,2004,1158,Y,1158,0,1,5,2,576,2006,158000
62,60.0,7200.0,2.5Unf,5,7,1920,,N,581,530,1,6,1,288,2007,101000
63,44.0,6442.0,1Story,8,5,2006,1370,Y,1370,0,2,6,2,484,2007,202500
64,50.0,10300.0,2Story,7,6,1921,576,Y,902,808,2,9,2,480,2010,140000
65,,9375.0,2Story,7,5,1997,,Y,1057,977,2,8,2,645,2009,219500
66,76.0,,2Story,8,5,2004,1143,Y,1143,1330,2,9,3,852,2007,317000
67,,19900.0,1Story,7,5,1970,,Y,2207,0,2,7,2,576,2010,180000
68,72.0,10665.0,1Story,7,5,2003,1453,Y,1479,0,2,7,2,558,2007,226000
69,47.0,4608.0,1Story,4,6,1945,,Y,747,0,1,4,1,220,2010,80000
70,81.0,15593.0,1.5Fin,7,4,1953,1304,Y,1304,983,2,7,2,667,2006,225000
71,95.0,13651.0,1Story,7,6,1973,,Y,2223,0,2,8,2,516,2007,244000
72,69.0,7599.0,1Story,4,6,1982,845,Y,845,0,1,4,2,360,2007,129500
73,74.0,10141.0,2Story,7,5,1998,832,Y,885,833,2,7,2,427,2009,185000
74,85.0,10200.0,1Story,5,7,1954,1086,Y,1086,0,1,6,2,490,2010,144900
75,60.0,5790.0,2Story,3,6,1915,840,N,840,765,2,8,1,379,2010,107400
76,21.0,1596.0,SLvl,4,5,1973,462,Y,526,462,1,5,1,297,2009,91000
77,,8475.0,1Story,4,7,1956,,Y,952,0,1,4,1,283,2008,135750
78,50.0,8635.0,1.5Fin,5,5,1948,672,Y,1072,213,1,6,1,240,2008,127000
79,72.0,10778.0,1Story,4,5,1968,,N,1768,0,2,8,0,0,2010,136500
80,60.0,10440.0,2Story,5,6,1910,,Y,682,548,1,5,2,440,2009,110000
81,100.0,,2Story,6,6,1968,,Y,1182,960,2,8,1,509,2009,193500
82,32.0,4500.0,1Story,6,5,1998,,Y,1337,0,2,5,2,405,2006,153500
83,78.0,10206.0,1Story,8,5,2007,1563,Y,1563,0,2,6,3,758,2008,245000
84,80.0,8892.0,1Story,5,5,1960,1065,Y,1065,0,1,6,2,461,2007,126500
85,,8530.0,SLvl,7,5,1995,,Y,804,670,2,7,2,400,2009,168500
86,121.0,16059.0,2Story,8,5,1991,,Y,1301,1116,2,9,2,462,2006,260000
87,122.0,,2Story,6,5,2005,684,Y,684,876,2,6,2,400,2009,174000
88,40.0,3951.0,2Story,6,5,2009,612,Y,612,612,2,4,2,528,2009,164500
89,105.0,8470.0,1.5Fin,3,2,1915,1013,N,1013,0,1,6,0,0,2009,85000
90,60.0,8070.0,1Story,4,5,1994,990,Y,990,0,1,5,0,0,2007,123600
91,60.0,7200.0,1Story,4,5,1950,0,Y,1040,0,1,4,2,420,2006,109900
92,85.0,8500.0,1Story,5,3,1961,1235,Y,1235,0,1,6,2,480,2006,98600
93,80.0,13360.0,1Story,5,7,1921,876,Y,964,0,1,5,2,432,2009,163500
94,60.0,7200.0,2.5Unf,6,6,1910,1214,N,1260,1031,2,9,2,506,2007,133900
95,69.0,9337.0,2Story,6,5,1997,824,Y,905,881,2,7,2,684,2007,204750
96,,9765.0,2Story,6,8,1993,,Y,680,790,2,6,2,420,2009,185000
97,78.0,10264.0,1Story,7,5,1999,1588,Y,1588,0,2,6,2,472,2006,214000
98,73.0,10921.0,1Story,4,5,1965,960,Y,960,0,1,6,1,432,2007,94750
99,85.0,10625.0,1Story,5,5,1920,458,N,835,0,1,5,1,366,2010,83000
100,77.0,9320.0,1Story,4,5,1959,950,Y,1225,0,1,6,0,0,2010,128950
101,,10603.0,1Story,6,7,1977,1610,Y,1610,0,2,6,2,480,2010,205000
102,77.0,9206.0,2Story,6,5,1985,741,Y,977,755,2,7,2,476,2010,178000
103,64.0,7018.0,1Story,5,5,1979,0,Y,1535,0,2,8,2,410,2009,118964
104,94.0,10402.0,1Story,7,5,2009,,Y,1226,0,2,6,3,740,2010,198900
105,,7758.0,1.5Fin,7,4,1931,1040,Y,1226,592,1,7,1,240,2007,169500
106,75.0,9375.0,2Story,8,5,2003,1053,Y,1053,939,2,9,2,648,2008,250000
107,60.0,10800.0,1Story,4,7,1885,,Y,1047,0,1,6,1,273,2007,100000
108,50.0,6000.0,1Story,5,5,1948,789,Y,789,0,1,5,1,250,2008,115000
109,85.0,8500.0,1.5Fin,5,7,1919,793,N,997,520,2,7,0,0,2007,115000
110,105.0,11751.0,1Story,6,6,1977,1844,Y,1844,0,2,7,2,546,2010,190000
111,75.0,9525.0,1.5Fin,6,4,1954,,Y,1216,639,2,7,1,325,2006,136900
112,,,SLvl,7,5,2000,,Y,774,656,2,7,2,400,2010,180000
113,77.0,,2Story,7,5,2007,,Y,1282,1414,2,10,3,792,2007,383970
114,,21000.0,1Story,6,5,1953,1809,Y,2259,0,2,7,2,450,2007,217000
115,61.0,7259.0,2Story,6,8,1945,,Y,1436,884,2,9,1,180,2007,259500
116,34.0,3230.0,2Story,6,5,1999,729,Y,729,729,2,5,2,440,2007,176000
117,,11616.0,1Story,5,5,1962,1092,Y,1092,0,1,6,1,288,2009,139000
118,74.0,8536.0,1Story,5,5,2006,1125,Y,1125,0,1,5,2,430,2007,155000
119,90.0,12376.0,2Story,7,5,1990,1673,Y,1699,1523,3,11,3,594,2010,320000
120,65.0,8461.0,2Story,6,5,2005,728,Y,728,728,2,8,2,390,2006,163990
121,,,SLvl,6,5,1969,938,Y,988,0,1,4,2,540,2006,180000
122,50.0,6060.0,1.5Fin,4,5,1939,,Y,772,351,1,4,1,264,2007,100000
123,75.0,9464.0,1Story,6,7,1958,1080,Y,1080,0,1,5,1,288,2008,136000
124,55.0,7892.0,1Story,6,5,1993,1199,Y,1199,0,2,5,2,530,2008,153900
125,48.0,17043.0,1Story,6,5,1979,,Y,1586,0,2,7,2,435,2009,181000
126,60.0,6780.0,1.5Fin,6,8,1935,520,N,520,0,1,5,0,0,2006,84500
127,,4928.0,1Story,6,5,1976,,Y,958,0,2,5,2,440,2007,128000
128,55.0,4388.0,1.5Unf,5,7,1930,,Y,840,0,1,5,0,0,2007,87000
129,69.0,7590.0,2Story,6,5,1966,660,Y,660,688,1,6,2,453,2006,155000
130,69.0,8973.0,1Story,5,7,1958,1008,Y,1053,0,1,6,2,750,2006,150000
131,88.0,14200.0,2Story,7,6,1966,924,Y,1216,941,2,8,2,487,2006,226000
132,,12224.0,2Story,6,5,2000,992,Y,1022,1032,2,7,2,390,2009,244000
133,75.0,7388.0,1Story,5,6,1959,,Y,1327,0,1,7,2,624,2007,150750
134,,6853.0,1Story,8,5,2001,1267,Y,1296,0,2,6,2,471,2009,220000
135,78.0,10335.0,1Story,5,6,1968,1461,Y,1721,0,2,7,2,440,2006,180000
136,80.0,10400.0,1Story,7,6,1970,,Y,1682,0,2,7,2,530,2008,174000
137,,,1Story,5,5,1967,1214,Y,1214,0,2,5,1,318,2007,143000
138,82.0,11070.0,1Story,7,5,1988,1907,Y,1959,0,3,9,3,766,2006,171000
139,73.0,9066.0,2Story,8,5,1999,,Y,1004,848,2,7,3,660,2008,230000
140,65.0,15426.0,2Story,6,5,1997,928,Y,928,836,2,7,2,470,2009,231500
141,70.0,10500.0,1Story,4,5,1971,864,Y,864,0,1,5,0,0,2010,115000
142,78.0,11645.0,1Story,7,5,2005,1734,Y,1734,0,2,7,2,660,2006,260000
143,71.0,8520.0,1.5Fin,5,4,1952,910,Y,910,475,2,6,2,720,2010,166000
144,78.0,10335.0,1Story,7,5,1999,,Y,1501,0,2,6,2,577,2009,204000
145,70.0,9100.0,1Story,5,5,1963,1728,Y,1728,0,2,10,2,504,2006,125000
146,24.0,2522.0,2Story,6,5,2004,970,Y,970,739,2,7,2,380,2006,130000
147,51.0,6120.0,1Story,5,7,1931,,Y,875,0,1,5,1,180,2009,105000
148,,9505.0,2Story,7,5,2001,884,Y,884,1151,2,8,2,434,2010,222500
149,63.0,7500.0,1Story,7,5,2004,1080,Y,1080,0,1,6,0,0,2008,141000
150,,6240.0,1.5Fin,5,4,1936,,Y,896,448,1,7,1,240,2006,115000
151,120.0,10356.0,1Story,5,6,1975,969,Y,969,0,1,5,2,440,2007,122000
152,107.0,13891.0,1Story,8,5,2007,1710,Y,1710,0,2,6,3,866,2008,372402
153,,,2Story,6,5,1971,,Y,1097,896,2,8,2,495,2006,190000
154,,13500.0,1Story,6,7,1960,1602,Y,1252,0,1,4,2,564,2008,235000
155,84.0,11340.0,1Story,6,5,1923,,Y,1200,0,1,7,1,312,2006,125000
156,60.0,,1.5Fin,6,5,1924,572,N,572,524,1,5,0,0,2008,79000
157,60.0,7200.0,1Story,5,7,1950,0,Y,1040,0,1,5,2,625,2006,109500
158,92.0,,2Story,8,5,2009,774,Y,774,1194,2,8,3,680,2010,269500
159,100.0,12552.0,2Story,7,5,2004,,Y,991,956,2,8,2,678,2010,254900
160,134.0,19378.0,2Story,7,5,2005,1392,Y,1392,1070,2,9,2,576,2006,320000
161,,11120.0,1Story,6,6,1984,1232,Y,1232,0,2,6,2,516,2008,162500
162,110.0,13688.0,2Story,9,5,2003,,Y,1572,1096,2,10,3,726,2008,412500
163,95.0,12182.0,1Story,7,5,2005,,Y,1541,0,2,7,2,532,2010,220000
164,55.0,,1.5Unf,4,6,1956,882,Y,882,0,1,4,0,0,2007,103200
165,40.0,5400.0,1Story,6,7,1926,1149,Y,1149,467,2,5,1,216,2007,152000
166,62.0,10106.0,1.5Fin,5,7,1940,644,Y,808,547,2,6,0,0,2008,127500
167,,10708.0,1Story,5,5,1955,,Y,1867,0,1,7,1,303,2009,190000
168,86.0,10562.0,2Story,8,5,2007,1582,Y,1610,551,1,8,3,789,2007,325624
169,62.0,8244.0,2Story,7,5,2004,,Y,840,880,2,7,2,440,2007,183500
170,,,1Story,8,6,1981,1686,Y,1707,0,2,6,2,511,2006,228000
171,,,1.5Fin,5,6,1941,720,Y,854,0,1,7,2,660,2007,128500
172,141.0,31770.0,1Story,6,5,1960,1080,Y,1656,0,1,7,2,528,2010,215000
173,44.0,5306.0,2Story,7,7,1987,1064,Y,1064,703,2,5,2,504,2006,239000
174,80.0,10197.0,1Story,6,5,1961,1362,Y,1362,0,1,6,2,504,2008,163000
175,47.0,12416.0,1Story,6,5,1986,,Y,1651,0,2,7,2,616,2008,184000
176,84.0,,1Story,6,7,1950,1202,Y,2158,0,2,7,2,576,2007,243000
177,97.0,10029.0,2Story,6,5,1988,1151,Y,1164,896,2,8,2,521,2007,211000
178,,13650.0,1.5Fin,5,5,1958,1052,Y,1252,668,2,8,2,451,2006,172500
179,63.0,17423.0,1Story,9,5,2008,,Y,2234,0,2,9,3,1166,2009,501837
180,60.0,,1Story,5,6,1923,,Y,968,0,1,5,2,480,2007,100000
181,,2117.0,2Story,6,5,2000,756,Y,769,756,2,5,2,440,2007,177000
182,54.0,7588.0,2Story,7,6,1920,,Y,901,901,1,9,1,216,2006,200100
183,60.0,9060.0,1Story,5,6,1957,0,Y,1340,0,1,7,1,252,2007,120000
184,63.0,11426.0,1.5Fin,7,5,2003,1362,Y,1362,720,2,6,2,484,2008,200000
185,92.0,7438.0,1.5Fin,5,8,1908,504,Y,936,316,1,5,2,576,2006,127000
186,90.0,22950.0,2.5Fin,10,9,1892,1107,Y,1518,1518,2,12,3,840,2006,475000
187,,9947.0,SLvl,7,5,1990,,Y,1217,0,2,6,2,497,2009,173000
188,60.0,10410.0,1.5Fin,5,7,1916,,Y,808,704,2,8,1,180,2009,135000
189,64.0,7018.0,SFoyer,5,5,1979,,Y,1224,0,0,6,2,528,2009,153337
190,41.0,4923.0,1Story,8,5,2001,1593,Y,1593,0,1,5,2,682,2008,286000
191,70.0,10570.0,2Story,8,8,1932,853,Y,1549,1178,2,10,2,440,2007,315000
192,,7472.0,2Story,7,9,1972,,Y,725,754,1,7,2,484,2007,184000
193,68.0,9017.0,1Story,7,5,1999,1431,Y,1431,0,2,6,2,666,2009,192000
194,24.0,2522.0,2Story,7,5,2004,970,Y,970,739,2,7,2,380,2006,130000
195,60.0,7180.0,1Story,5,7,1972,864,Y,864,0,1,5,1,352,2008,127000
196,24.0,2280.0,2Story,6,6,1976,,Y,855,601,2,7,2,440,2009,148500
197,79.0,9416.0,1Story,7,5,2007,1726,Y,1726,0,2,8,3,786,2007,311872
198,174.0,25419.0,2Story,8,4,1918,1360,Y,1360,1360,2,8,2,795,2006,235000
199,92.0,5520.0,2.5Fin,6,6,1912,755,Y,929,929,1,8,0,0,2009,104000
200,76.0,9591.0,1Story,8,5,2004,,Y,1713,0,2,7,3,856,2009,274900
201,80.0,8546.0,1Story,4,5,2003,,Y,1121,0,2,5,2,440,2010,140000
202,75.0,10125.0,1Story,6,6,1977,1196,Y,1279,0,2,6,2,473,2008,171500
203,50.0,7000.0,1.5Fin,6,6,1924,617,Y,865,445,2,6,1,398,2006,112000
204,,4438.0,1Story,6,5,2004,,Y,848,0,1,3,2,420,2008,149000
205,50.0,3500.0,1.5Fin,5,7,1947,,Y,720,564,1,5,1,240,2009,110000
206,99.0,11851.0,1Story,7,5,1990,1424,Y,1442,0,2,5,2,500,2009,180500
207,40.0,13673.0,1Story,5,5,1962,1140,Y,1696,0,1,8,1,349,2007,143900
208,,12493.0,1Story,4,5,1960,1100,Y,1100,0,1,6,1,312,2008,141000
209,,14364.0,2Story,7,5,1988,1157,Y,1180,882,2,7,2,454,2007,277000
210,75.0,,1Story,6,7,1964,1092,Y,1092,0,1,6,2,504,2008,145000
211,67.0,5604.0,1Story,5,6,1925,864,N,864,0,1,5,0,0,2008,98000
212,83.0,10420.0,1Story,6,5,2009,1212,Y,1212,0,2,6,2,460,2010,186000
213,72.0,8640.0,2Story,7,5,2009,900,Y,932,920,2,7,2,644,2009,252678
214,43.0,13568.0,1Story,5,5,1995,990,Y,990,0,1,5,2,576,2006,156000
215,,10900.0,2Story,6,7,1977,689,Y,689,703,1,6,1,299,2010,161750
216,72.0,10011.0,1Story,5,6,1957,1070,Y,1236,0,1,6,1,447,2006,134450
217,65.0,8450.0,1Story,7,5,2004,1436,Y,1436,0,2,8,2,484,2008,210000
218,57.0,9906.0,2Story,4,4,1925,,N,810,518,1,8,1,210,2006,107000
219,,15660.0,1.5Fin,7,9,1939,798,Y,1137,817,1,8,2,431,2008,311500
220,43.0,3010.0,1Story,7,5,2005,1248,Y,1248,0,2,5,2,438,2006,167240
221,73.0,8990.0,1Story,7,5,2006,1498,Y,1498,0,2,5,2,675,2006,204900
222,,8068.0,2Story,6,5,2002,,Y,1010,1257,2,8,2,390,2009,200000
223,85.0,11475.0,2Story,6,6,1975,,Y,811,741,2,6,2,434,2006,179900
224,70.0,10500.0,1Story,4,6,1971,,Y,864,0,1,4,2,576,2009,97000
225,103.0,13472.0,1Story,10,5,2003,2392,Y,2392,0,2,8,3,968,2009,386250
226,21.0,1680.0,2Story,5,5,1971,630,Y,630,672,2,6,1,280,2009,112000
227,82.0,9950.0,2Story,7,5,1995,1203,Y,1214,1306,2,9,3,721,2007,290000
228,21.0,1869.0,2Story,6,6,1970,483,Y,483,504,1,5,1,280,2008,106000
229,70.0,8521.0,1Story,5,5,1967,,Y,912,0,1,5,1,336,2010,125000
230,43.0,3182.0,1Story,7,5,2005,1373,Y,1555,0,2,7,2,430,2009,192500
231,73.0,8760.0,1Story,6,6,1959,1194,Y,1194,0,1,6,1,312,2010,148000
232,174.0,15138.0,2Story,8,5,1995,1462,Y,1490,1304,2,9,3,810,2009,403000
233,21.0,1680.0,2Story,6,5,1972,,Y,483,504,1,5,1,288,2006,94500
234,75.0,10650.0,1Story,5,6,1976,,Y,894,0,1,5,1,308,2010,128200
235,,7851.0,2Story,6,5,2002,,Y,860,1100,2,8,2,440,2010,216500
236,21.0,1680.0,2Story,6,3,1971,,Y,483,504,1,5,1,264,2008,89500
237,65.0,8773.0,1Story,7,5,2004,1414,Y,1414,0,2,6,2,494,2010,185500
238,,9453.0,2Story,7,7,1993,996,Y,1014,730,2,7,2,457,2010,194500
239,93.0,12030.0,1Story,8,5,2007,,Y,1694,0,2,7,3,818,2007,318000
240,52.0,8741.0,1.5Fin,6,4,1945,,Y,798,689,1,7,1,220,2010,113000
241,75.0,9000.0,1Story,8,5,2008,1566,Y,1566,0,2,7,2,750,2010,262500
242,40.0,3880.0,1Story,5,9,1945,686,Y,866,0,1,4,0,0,2007,110500
243,63.0,5000.0,1.5Fin,5,4,1900,540,N,889,551,1,6,1,352,2006,79000
244,75.0,10762.0,2Story,6,6,1980,626,Y,626,591,1,6,1,288,2009,120000
245,,8880.0,2Story,7,5,1994,948,Y,1222,888,2,8,2,463,2010,205000
246,80.0,10400.0,1Story,7,5,1988,,Y,1872,0,2,6,2,604,2006,241500
247,69.0,,2Story,6,8,1910,,N,908,1020,2,9,1,440,2006,137000
248,75.0,11310.0,1Story,6,5,1954,1367,Y,1375,0,1,5,2,451,2006,140000
249,72.0,11317.0,2Story,7,5,2003,840,Y,840,828,2,8,2,500,2007,180000
250,,159000.0,1.5Fin,6,7,1958,,Y,1444,700,2,7,2,389,2007,277000
251,55.0,5350.0,1Story,3,2,1940,728,Y,1306,0,1,6,0,0,2010,76500
252,44.0,4750.0,1Story,8,5,2006,1573,Y,1625,0,2,5,2,538,2007,235000
253,65.0,8366.0,2Story,6,5,2004,798,Y,798,842,2,6,2,520,2008,173000
254,85.0,9350.0,SLvl,6,7,1964,1302,Y,1302,0,2,7,1,309,2007,158000
255,70.0,8400.0,1Story,5,6,1957,,Y,1314,0,1,5,1,294,2010,145000
256,66.0,8738.0,2Story,7,5,1999,975,Y,1005,1286,2,8,2,429,2006,230000
257,64.0,,2Story,6,5,2003,864,Y,864,864,2,7,2,673,2008,207500
258,68.0,8814.0,1Story,7,5,2006,1604,Y,1604,0,2,8,2,660,2009,220000
259,80.0,12435.0,2Story,7,5,2001,963,Y,963,829,2,7,2,564,2008,231500
260,70.0,12702.0,1Story,5,5,1956,0,Y,882,0,1,4,1,308,2008,97000
261,120.0,19296.0,SLvl,6,5,1962,,Y,1382,0,1,6,2,884,2009,176000
262,69.0,9588.0,2Story,8,5,2007,1482,Y,1482,1092,2,10,3,868,2007,276000
263,88.0,8471.0,SLvl,6,7,1977,506,Y,1212,0,1,6,2,492,2006,151000
264,50.0,,1.5Fin,5,7,1929,,Y,926,0,1,6,2,484,2010,130000
265,30.0,5232.0,1Story,5,5,1925,,N,764,0,1,4,2,504,2008,73000
266,78.0,12090.0,1Story,6,6,1981,,Y,1422,0,2,7,2,576,2008,175500
267,70.0,11207.0,2Story,6,5,1997,802,Y,802,709,2,8,2,413,2006,185000
268,60.0,8400.0,2.5Fin,5,8,1939,720,Y,1052,720,2,8,1,240,2008,179500
269,71.0,6900.0,1Story,5,6,1940,,Y,778,0,1,4,1,924,2008,120500
270,,7917.0,1Story,6,7,1976,,Y,1113,0,1,6,1,504,2007,148000
271,84.0,10728.0,2Story,8,5,2006,1095,Y,1095,844,2,8,3,1053,2006,266000
272,73.0,,1Story,7,7,1954,1385,Y,1363,0,1,5,2,439,2008,241500
273,92.0,11764.0,2Story,8,7,1999,1152,Y,1164,1106,2,9,3,671,2010,290000
274,80.0,9600.0,1Story,6,6,1958,1240,Y,1632,0,2,6,1,338,2009,139000
275,76.0,8314.0,1Story,5,7,1982,816,Y,816,0,1,5,1,264,2007,124500
276,55.0,7264.0,1.5Fin,7,7,1925,,N,952,596,2,5,2,672,2009,205000
277,129.0,9196.0,1Story,7,5,2003,1560,Y,1560,0,2,7,2,573,2010,201000
278,140.0,19138.0,1Story,4,5,1951,,Y,864,0,1,4,2,400,2010,141000
279,107.0,14450.0,1Story,9,5,2006,,Y,2121,0,2,8,3,732,2007,415298
280,83.0,10005.0,2Story,7,5,1977,1160,Y,1156,866,2,8,2,505,2008,192000
281,82.0,11287.0,2Story,7,6,1989,807,Y,1175,807,2,7,2,575,2007,228500
282,60.0,7200.0,1Story,6,5,2006,,Y,1262,0,2,5,2,572,2006,185000
283,34.0,5063.0,1Story,7,5,2007,1314,Y,1314,0,2,6,2,626,2009,207500
284,74.0,9612.0,1Story,8,5,2008,1468,Y,1468,0,2,6,3,898,2009,244600
285,50.0,,1Story,6,5,1992,1575,Y,1575,0,2,5,2,529,2007,179200
286,35.0,,2Story,7,5,2006,,Y,625,625,2,5,2,528,2007,164700
287,77.0,9786.0,1.5Fin,6,7,1962,,Y,1085,649,1,7,2,440,2006,159000
288,,8125.0,1Story,4,4,1971,858,Y,858,0,1,5,0,0,2006,88000
289,,9819.0,1Story,5,5,1967,882,Y,900,0,1,5,1,280,2010,122000
290,60.0,8730.0,2Story,6,7,1915,,Y,698,698,1,7,1,384,2007,153575
291,120.0,15611.0,2Story,8,5,2006,1079,Y,1079,840,2,8,2,685,2006,233230
292,55.0,5687.0,2Story,5,6,1912,,N,936,780,2,9,0,0,2008,135900
293,60.0,11409.0,1.5Fin,5,4,1949,,Y,1148,568,1,8,1,281,2009,131000
294,,16659.0,2Story,7,7,1977,795,Y,1468,795,2,9,2,539,2006,235000
295,80.0,9600.0,1Story,6,5,1953,1416,Y,1644,0,1,7,2,418,2009,167000
296,37.0,7937.0,SLvl,6,6,1984,1003,Y,1003,0,1,6,2,588,2006,142500
297,75.0,13710.0,1.5Fin,5,5,1950,910,Y,910,648,1,6,1,282,2007,152000
298,66.0,7399.0,2Story,7,5,1997,975,Y,975,975,2,7,2,576,2007,239000
299,90.0,11700.0,2Story,6,6,1968,,Y,1041,702,1,7,2,539,2007,175000
300,80.0,14000.0,1Story,6,8,1950,1092,Y,1152,0,1,6,1,300,2009,158500
301,90.0,15750.0,1Story,5,5,1953,,Y,1336,0,1,5,1,375,2006,157000
302,66.0,16226.0,2Story,8,5,1998,,Y,1210,1242,2,9,2,683,2007,267000
303,118.0,13704.0,1Story,7,5,2001,1541,Y,1541,0,2,6,3,843,2006,205000
304,70.0,9800.0,1Story,5,7,1972,894,Y,894,0,1,5,2,552,2006,149900
305,87.0,18386.0,2.5Fin,7,9,1880,,Y,1675,1818,3,10,3,870,2008,295000
306,80.0,10386.0,1Story,8,5,2004,2000,Y,2000,0,2,8,3,888,2007,305900
307,116.0,13474.0,2Story,7,5,1990,,Y,1122,1121,2,8,3,746,2007,225000
308,,7920.0,1.5Fin,6,7,1920,319,Y,1035,371,1,6,0,0,2008,89500
309,,12342.0,1Story,4,5,1940,861,Y,861,0,1,4,2,539,2009,82500
310,90.0,12378.0,1Story,9,5,2003,,Y,1944,0,2,8,3,708,2006,360000
311,,7685.0,2Story,6,5,1993,697,Y,697,804,2,6,2,420,2006,165600
312,50.0,8000.0,1Story,6,6,1948,972,Y,972,0,1,5,1,240,2009,132000
313,65.0,7800.0,1.5Fin,5,7,1939,793,Y,793,325,1,5,2,410,2006,119900
314,150.0,215245.0,1Story,7,5,1965,2136,Y,2036,0,2,8,2,513,2009,375000
315,60.0,9600.0,2Story,7,7,1925,,Y,832,809,1,6,2,546,2006,178000
316,71.0,7795.0,2Story,7,5,2004,,Y,716,716,2,6,2,432,2009,188500
317,94.0,13005.0,2Story,7,7,1980,,Y,1153,1200,2,10,2,484,2009,260000
318,75.0,9000.0,2Story,8,5,2006,,Y,1088,871,2,8,3,1025,2007,270000
319,90.0,9900.0,2Story,7,5,1993,1347,Y,1372,1274,2,9,3,656,2009,260000
320,,,SLvl,7,5,1980,1372,Y,1472,0,2,6,2,588,2009,187500
321,111.0,16259.0,2Story,9,5,2006,,Y,1249,1347,3,9,3,840,2006,342643
322,99.0,12099.0,2Story,8,5,2004,1136,Y,1136,1332,2,10,3,872,2007,354000
323,86.0,10380.0,2Story,7,5,1986,,Y,1553,1177,2,8,2,576,2007,301000
324,49.0,5820.0,1Story,3,8,1955,,Y,1163,0,1,6,1,220,2006,126175
325,96.0,11275.0,SLvl,7,7,1967,,Y,1898,1080,2,11,2,564,2010,242000
326,50.0,5000.0,1.5Unf,5,6,1941,,N,803,0,1,5,2,360,2007,87000
327,32.0,10846.0,1Story,8,5,1993,1719,Y,1719,0,1,6,2,473,2008,324000
328,80.0,11600.0,1Story,6,5,1960,,Y,1383,0,1,7,1,292,2006,145250
329,,11888.0,2.5Unf,6,6,1916,,N,1445,689,2,10,2,441,2009,214500
330,60.0,6402.0,2Story,5,5,1920,596,N,596,596,1,6,1,189,2009,78000
331,,,1Story,5,4,1964,,Y,1728,0,2,10,1,352,2007,119000
332,70.0,8176.0,1Story,5,6,1958,,Y,1056,0,1,6,1,308,2007,139000
333,85.0,,1Story,8,5,2003,3206,Y,1629,0,2,7,3,880,2009,284000
334,59.0,8198.0,1Story,7,5,2004,1358,Y,1358,0,2,6,2,484,2008,207000
335,59.0,9042.0,2Story,6,5,1998,943,Y,943,695,2,7,2,472,2008,192000
336,,164660.0,1.5Fin,5,6,1965,1499,Y,1619,167,2,7,2,529,2008,228950
337,86.0,14157.0,1Story,9,5,2005,1922,Y,1922,0,2,8,3,676,2007,377426
338,70.0,9135.0,1Story,7,5,2002,1536,Y,1536,0,2,7,2,532,2008,214000
339,91.0,14145.0,1Story,7,7,1984,1208,Y,1621,0,2,8,2,440,2006,202500
340,66.0,,1Story,6,7,1958,,Y,1215,0,1,6,1,297,2009,155000
341,85.0,14191.0,2Story,8,5,2002,967,Y,993,915,2,9,2,431,2010,202900
342,60.0,8400.0,1Story,4,4,1950,721,Y,841,0,1,4,1,294,2009,82000
343,,8544.0,1Story,3,4,1949,,N,1040,0,2,6,2,400,2006,87500
344,63.0,8849.0,1Story,9,5,2005,1684,Y,1684,0,2,6,2,564,2008,266000
345,36.0,2592.0,2Story,5,3,1976,536,Y,536,576,1,4,1,336,2010,85000
346,65.0,6435.0,1.5Fin,6,5,1939,972,Y,972,605,1,6,1,312,2006,140200
347,,12772.0,1Story,6,8,1960,958,Y,958,0,1,5,1,301,2007,151500
348,,17600.0,1Story,6,5,1960,,Y,1478,0,2,6,2,498,2009,157500
349,36.0,2448.0,2Story,7,5,2003,764,Y,764,862,2,6,2,474,2008,154000
350,56.0,20431.0,2Story,9,5,2005,,Y,1848,880,2,10,3,706,2006,437154
351,68.0,7820.0,1Story,9,5,2007,1869,Y,1869,0,2,6,2,617,2007,318061
352,,5271.0,1Story,7,5,1986,,Y,1453,0,1,6,2,445,2006,190000
353,60.0,9084.0,1.5Fin,5,6,1941,616,N,616,495,1,5,1,200,2008,95000
354,60.0,8520.0,1Story,6,8,1928,624,Y,720,0,1,5,2,484,2010,105900
355,60.0,8400.0,1.5Fin,6,5,1940,940,Y,1192,403,1,6,1,240,2006,140000
356,105.0,11249.0,1Story,6,5,1995,,Y,1200,0,2,6,2,521,2007,177500
357,,9248.0,1Story,6,6,1992,1158,Y,1167,0,2,6,2,400,2009,173000
358,44.0,,1Story,5,5,1976,1142,Y,1142,0,1,6,2,528,2007,134000
359,92.0,6930.0,SLvl,5,4,1958,1062,Y,1352,0,1,6,1,288,2006,130000
360,78.0,12011.0,2Story,8,5,1998,,Y,1086,838,2,7,2,592,2006,280000
361,,7540.0,SFoyer,6,6,1978,888,Y,912,0,1,5,2,470,2007,156000
362,,9144.0,1.5Fin,5,5,1940,,Y,988,517,1,8,1,240,2008,145000
363,64.0,7301.0,SFoyer,7,5,2003,,Y,495,1427,3,7,2,672,2009,198500
364,21.0,1680.0,2Story,6,8,1972,,Y,483,504,1,5,1,264,2009,118000
365,,18800.0,2Story,6,5,1976,796,Y,790,784,2,6,2,566,2006,190000
366,59.0,10690.0,2Story,5,7,1920,,Y,672,672,1,6,1,468,2009,147000
367,,9500.0,1Story,6,5,1963,1394,Y,1394,0,1,6,2,514,2009,159000
368,101.0,9150.0,SLvl,6,5,1962,,Y,1431,0,1,6,1,296,2008,165000
369,78.0,7800.0,1Story,5,6,1954,,Y,1268,0,1,7,1,244,2010,132000
370,,,1Story,5,7,1959,1063,Y,1287,0,1,7,2,576,2010,162000
371,,8121.0,2Story,6,5,2000,953,Y,953,711,2,7,2,460,2006,172400
372,80.0,17120.0,1.5Fin,4,4,1959,0,Y,1120,468,2,7,2,680,2008,134432
373,50.0,7175.0,1Story,6,5,1984,,Y,752,0,1,4,1,264,2010,125000
374,79.0,10634.0,1Story,5,6,1953,608,Y,1319,0,1,5,1,270,2009,123000
375,65.0,8200.0,2Story,7,5,2003,847,Y,847,1081,2,8,2,434,2007,219500
376,,10020.0,1Story,1,1,1922,683,N,904,0,0,4,0,0,2009,61000
377,57.0,8846.0,SFoyer,5,5,1996,870,Y,914,0,1,5,2,576,2006,148000
378,102.0,11143.0,2Story,8,5,2004,,Y,1580,886,3,8,2,610,2007,340000
379,88.0,11394.0,1Story,9,2,2010,1856,Y,1856,0,1,8,3,834,2010,394432
380,60.0,,2Story,6,5,2000,982,Y,1007,793,2,7,2,463,2009,179000
381,50.0,5000.0,1.5Fin,5,6,1924,1026,Y,1026,665,2,6,1,308,2010,127000
382,60.0,7200.0,1Story,7,5,2006,1293,Y,1301,0,2,5,2,572,2006,187750
383,79.0,9245.0,2Story,7,5,2006,939,Y,939,858,2,8,2,639,2007,213500
384,60.0,9000.0,1.5Unf,6,3,1928,784,N,784,0,1,5,2,360,2009,76000
385,,,2Story,6,5,1992,1580,Y,1079,874,2,9,2,501,2007,240000
386,43.0,,1Story,8,5,2004,1256,Y,1269,0,2,6,2,430,2010,192000
387,58.0,8410.0,1.5Fin,5,3,1910,658,Y,658,526,1,8,0,0,2006,81000
388,72.0,7200.0,SLvl,6,6,1976,1041,Y,1125,0,1,6,1,352,2009,125000
389,93.0,9382.0,1Story,7,5,1999,1468,Y,1479,0,2,6,2,577,2008,191000
390,96.0,12474.0,2Story,10,5,2007,,Y,1742,590,2,9,3,846,2008,426000
391,50.0,8405.0,1.5Fin,5,8,1900,861,Y,961,406,1,7,1,384,2008,119000
392,71.0,12209.0,2Story,6,5,2001,804,Y,804,1157,2,7,2,560,2009,215000
393,,8339.0,1Story,5,7,1959,,Y,882,0,1,5,1,294,2007,106500
394,,7446.0,1Story,4,5,1941,788,Y,788,0,1,4,0,0,2006,100000
395,60.0,10134.0,1.5Fin,5,6,1940,735,Y,735,299,1,5,1,240,2007,109000
396,68.0,9571.0,1Story,5,6,1956,1144,Y,1144,0,1,6,1,596,2010,129000
397,60.0,7200.0,1Story,5,5,1972,894,Y,894,0,1,6,2,600,2009,123000
398,69.0,7590.0,2Story,5,5,1962,864,Y,876,936,2,8,1,264,2007,169500
399,60.0,,1Story,5,2,1920,961,Y,1077,0,1,6,1,338,2007,67000
400,65.0,8125.0,2Story,7,5,2006,1092,Y,1112,438,2,7,2,438,2009,241000
401,38.0,14963.0,1Story,8,5,1996,1260,Y,1288,0,1,4,2,500,2008,245500
402,65.0,8767.0,1Story,7,5,2005,1310,Y,1310,0,2,6,2,400,2006,164990
403,60.0,10200.0,1Story,5,8,1940,672,Y,672,0,1,4,1,240,2008,108000
404,93.0,,2Story,8,5,1998,,Y,1165,1098,2,10,2,420,2006,258000
405,,10364.0,2Story,6,5,1995,,Y,806,766,2,7,2,373,2007,168000
406,,9991.0,1Story,4,4,1976,1281,Y,1620,0,2,8,2,490,2009,150000
407,51.0,,1.5Fin,6,5,1936,1064,Y,1166,0,1,6,1,240,2008,115000
408,63.0,15576.0,2Story,6,7,1915,,Y,840,840,2,8,1,308,2008,177000
409,109.0,14154.0,2Story,7,5,2006,1063,Y,1071,1101,2,9,3,947,2007,280000
410,85.0,10800.0,2Story,8,5,2007,1034,Y,1050,1028,2,8,3,836,2008,339750
411,68.0,,1Story,5,3,1958,1276,Y,1276,0,1,5,1,350,2009,60000
412,100.0,34650.0,1Story,5,5,1955,1056,N,1056,0,1,5,2,572,2006,145000
413,,4403.0,1Story,7,5,2009,1470,Y,1478,0,2,7,2,484,2010,222000
414,56.0,8960.0,1Story,5,6,1927,1008,Y,1028,0,1,5,2,360,2010,115000
415,59.0,11228.0,2Story,7,5,1993,1080,Y,1080,1017,2,9,3,678,2008,228000
416,73.0,8899.0,1Story,7,5,2007,,Y,1340,0,2,6,2,396,2007,181134
417,74.0,7844.0,2Story,6,7,1978,,Y,672,728,1,6,2,440,2006,149500
418,86.0,22420.0,2Story,6,6,1918,1370,N,1370,1254,2,10,3,864,2007,239000
419,60.0,8160.0,1.5Fin,5,6,1940,756,N,756,378,1,7,1,240,2007,126000
420,65.0,8450.0,1Story,5,6,1968,1056,Y,1056,0,1,6,1,304,2010,142000
421,78.0,7060.0,SFoyer,7,5,1997,,Y,1344,0,2,8,4,784,2008,206300
422,,16635.0,1Story,6,7,1977,1602,Y,1602,0,2,8,2,529,2009,215000
423,100.0,21750.0,1Story,5,5,1954,,Y,988,0,1,4,2,520,2008,113000
424,80.0,9200.0,2Story,8,5,1998,,Y,1470,1160,2,8,3,696,2008,315000
425,72.0,9000.0,1Story,6,5,1956,,Y,1196,0,1,6,1,297,2008,139000
426,60.0,3378.0,2Story,7,8,1946,,Y,707,682,1,6,1,240,2009,135000
427,,12800.0,SLvl,7,5,1989,1518,Y,1644,0,2,5,2,569,2009,275000
428,77.0,8593.0,1Story,4,6,1957,,Y,907,0,1,5,1,352,2008,109008
429,64.0,,1Story,7,5,2007,,Y,1208,0,2,6,2,628,2007,195400
430,130.0,11457.0,1Story,6,5,1988,1392,Y,1412,0,2,6,2,576,2009,175000
431,21.0,1680.0,2Story,6,5,1971,483,Y,483,504,1,4,1,264,2008,85400
432,60.0,5586.0,1.5Fin,6,7,1920,901,Y,1088,110,1,7,0,0,2008,79900
433,24.0,1920.0,2Story,5,5,1971,765,Y,765,600,1,6,2,440,2007,122500
434,100.0,10839.0,2Story,6,5,1997,,Y,926,678,2,7,2,470,2008,181000
435,21.0,1890.0,SFoyer,4,7,1972,630,Y,630,0,1,3,0,0,2008,81000
436,43.0,10667.0,2Story,7,6,1996,,Y,827,834,2,6,2,550,2009,212000
437,40.0,4400.0,1.5Fin,6,8,1920,648,Y,734,384,1,6,2,440,2006,116000
438,50.0,6000.0,1.5Unf,6,7,1926,884,Y,904,0,1,4,1,180,2009,119000
439,40.0,4280.0,1Story,5,6,1913,440,N,694,0,1,4,1,352,2007,90350
440,67.0,12354.0,1.5Fin,6,8,1920,684,Y,684,512,1,7,2,528,2009,110000
441,105.0,15431.0,1Story,10,5,2008,,Y,2402,0,2,10,3,672,2009,555000
442,92.0,12108.0,1Story,4,4,1955,1440,N,1440,0,2,8,0,0,2008,118000
443,52.0,6240.0,1.5Fin,5,7,1930,1078,Y,1128,445,2,8,2,360,2008,162900
444,53.0,3922.0,1Story,7,5,2006,,Y,1258,0,2,6,3,648,2007,172500
445,70.0,8750.0,2Story,7,5,1994,915,Y,933,975,2,8,2,493,2008,210000
446,73.0,9855.0,1Story,6,5,1956,1436,Y,1689,0,1,7,2,480,2009,127500
447,137.0,16492.0,1Story,6,6,1966,1517,Y,1888,0,2,6,2,578,2010,190000
448,,11214.0,2Story,7,5,1998,930,Y,956,930,2,10,2,431,2006,199900
449,50.0,8600.0,1.5Fin,6,6,1937,780,Y,780,596,2,7,1,198,2006,119500
450,50.0,6000.0,1.5Fin,3,7,1948,649,Y,679,504,1,6,1,308,2007,120000
451,70.0,5684.0,1Story,6,8,1930,813,Y,813,0,1,5,1,270,2006,110000
452,62.0,,1Story,7,5,1975,,Y,1533,0,2,5,2,576,2006,280000
453,,9303.0,2Story,6,5,1996,,Y,888,868,2,7,2,422,2007,204000
454,75.0,9000.0,2Story,8,5,2008,768,Y,786,804,2,6,2,676,2009,210000
455,63.0,9297.0,1Story,5,5,1976,1728,Y,1728,0,2,8,2,560,2006,188000
456,80.0,9600.0,1Story,7,6,1973,1242,Y,1242,0,1,6,2,528,2007,175500
457,34.0,4571.0,2Story,5,5,1916,,N,624,720,1,7,3,513,2008,98000
458,,53227.0,1Story,4,6,1954,,Y,1663,0,1,6,2,529,2008,256000
459,,5100.0,2Story,8,7,1925,588,Y,833,833,1,7,1,228,2008,161000
460,,7015.0,1.5Fin,5,4,1950,,Y,979,224,1,5,1,352,2009,110000
461,75.0,,2Story,8,5,2009,832,Y,832,1103,2,8,2,552,2009,263435
462,60.0,7200.0,2Story,7,9,1936,560,Y,575,560,1,6,2,576,2009,155000
463,60.0,8281.0,1Story,5,5,1965,864,Y,864,0,1,5,1,360,2009,62383
464,74.0,11988.0,2Story,6,7,1934,715,Y,849,811,1,6,1,240,2008,188700
465,60.0,8430.0,1Story,5,5,1978,1040,Y,1040,0,2,5,0,0,2009,124000
466,,3072.0,1Story,7,5,2004,,Y,1414,0,2,6,2,398,2006,178740
467,85.0,10628.0,1Story,7,5,1970,1277,Y,1277,0,1,5,2,526,2007,167000
468,79.0,9480.0,2Story,5,7,1942,728,Y,888,756,1,7,1,312,2007,146500
469,98.0,11428.0,1Story,8,5,2006,,Y,1634,0,2,7,3,866,2007,250000
470,76.0,9291.0,2Story,6,5,1993,,Y,832,878,2,7,2,506,2008,187000
471,,6820.0,1Story,8,5,1985,1488,Y,1502,0,1,4,2,528,2010,212000
472,92.0,,2Story,7,6,1977,,Y,1161,808,2,8,2,534,2007,190000
473,35.0,,SLvl,6,5,2005,,Y,1072,0,1,5,2,525,2008,148000
474,110.0,14977.0,1Story,8,5,2006,,Y,1976,0,2,7,3,908,2007,440000
475,41.0,5330.0,1Story,8,5,2000,,Y,1652,0,2,6,2,499,2007,251000
476,80.0,8480.0,1Story,5,6,1963,,Y,970,0,1,5,2,624,2007,132500
477,75.0,13125.0,1Story,6,5,1997,1478,Y,1493,0,2,7,2,508,2008,208900
478,105.0,13693.0,2Story,9,5,2006,2153,Y,2069,574,2,9,3,694,2007,380000
479,79.0,10637.0,1Story,8,5,2007,1705,Y,1718,0,2,7,3,826,2009,297000
480,50.0,5925.0,1Story,4,7,1937,907,Y,1131,0,1,7,2,672,2007,89471
481,98.0,,1Story,9,5,2004,,Y,1850,0,2,8,3,772,2006,326000
482,72.0,11846.0,1Story,9,5,2003,,Y,1792,0,2,6,3,874,2006,374000
483,50.0,2500.0,2Story,7,8,1915,,Y,916,910,1,7,1,164,2009,155000
484,32.0,4500.0,1Story,6,5,1998,,Y,1216,0,2,5,2,402,2006,164000
485,,7758.0,1Story,5,7,1962,,Y,999,0,1,6,1,264,2007,132500
486,80.0,9600.0,1Story,5,7,1950,,Y,1113,0,1,5,1,264,2009,147000
487,79.0,10289.0,1Story,5,7,1965,,Y,1073,0,1,6,2,515,2007,156000
488,70.0,12243.0,1Story,5,6,1971,1484,Y,1484,0,2,7,2,487,2007,175000
489,60.0,10800.0,1.5Fin,5,4,1900,,N,1766,648,2,10,2,520,2006,160000
490,21.0,1526.0,SFoyer,4,8,1970,,Y,630,0,1,3,1,286,2009,86000
491,,2665.0,2Story,5,6,1976,264,Y,616,688,1,4,1,336,2008,115000
492,79.0,9490.0,1.5Fin,6,7,1941,,Y,958,620,1,5,1,240,2006,133000
493,105.0,15578.0,2Story,6,5,2006,,Y,728,728,2,8,2,429,2006,172785
494,70.0,7931.0,1Story,5,6,1960,1269,Y,1269,0,1,6,1,308,2008,155000
495,50.0,5784.0,1Story,5,8,1938,,Y,886,0,1,4,1,273,2009,91300
496,60.0,7879.0,1Story,4,5,1920,720,N,720,0,1,4,0,0,2009,34900
497,,12692.0,1Story,8,5,1992,3200,Y,3228,0,3,10,2,546,2007,430000
498,60.0,9120.0,1.5Fin,7,6,1925,1026,Y,1133,687,2,8,1,240,2008,184000
499,65.0,7800.0,1Story,5,7,1967,864,Y,899,0,1,5,1,288,2009,130000
500,70.0,,1Story,5,7,1958,,Y,912,0,1,5,1,297,2007,120000
501,21.0,,2Story,6,5,1973,,Y,672,546,1,7,1,264,2007,113000
502,75.0,9803.0,2Story,7,5,2005,866,Y,866,902,2,7,2,603,2008,226700
503,70.0,,1Story,5,7,1965,1214,Y,1214,0,1,6,2,461,2007,140000
504,100.0,15602.0,1Story,7,8,1959,1501,Y,1801,0,2,6,2,484,2010,289000
505,24.0,2308.0,2Story,6,5,1974,,Y,855,467,2,6,2,440,2009,147000
506,60.0,7596.0,2Story,5,5,1952,,Y,960,1000,2,10,2,400,2009,124500
507,80.0,9554.0,2Story,8,5,1993,,Y,1065,846,2,8,2,471,2006,215000
508,75.0,7862.0,1Story,6,5,2009,,Y,1218,0,2,4,2,676,2009,208300
509,60.0,9600.0,2Story,7,9,1928,,Y,689,689,2,7,2,360,2008,161000
510,80.0,9600.0,1Story,5,6,1959,,Y,1041,0,1,6,1,270,2009,124500
511,75.0,14559.0,1Story,5,7,1951,1008,Y,1363,0,1,6,1,288,2009,164900
512,40.0,6792.0,1Story,7,5,2005,,Y,1368,0,2,6,2,474,2006,202665
513,70.0,9100.0,1Story,5,5,1958,864,Y,864,0,1,5,2,624,2006,129900
514,71.0,9187.0,1Story,6,5,1983,1084,Y,1080,0,1,5,2,484,2007,134000
515,55.0,10594.0,1.5Unf,5,5,1926,768,N,789,0,1,5,1,200,2007,96500
516,94.0,12220.0,1Story,10,5,2009,,Y,2020,0,2,9,3,900,2009,402861
517,,10448.0,SLvl,6,6,1972,,Y,1378,741,2,7,2,583,2009,158000
518,79.0,10208.0,2Story,7,5,1996,1264,Y,1277,1067,2,7,3,889,2009,265000
519,,9531.0,2Story,6,5,1998,794,Y,882,914,2,7,2,546,2007,211000
520,53.0,10918.0,2Story,7,9,1926,,Y,1276,804,1,9,1,282,2009,234000
521,60.0,10800.0,2Story,4,7,1900,0,N,694,600,2,7,0,0,2008,106250
522,90.0,,1Story,6,6,1957,1244,Y,1244,0,1,6,1,336,2007,150000
523,50.0,5000.0,1.5Fin,6,7,1947,1004,Y,1004,660,2,7,2,420,2006,159000
524,130.0,40094.0,2Story,10,5,2007,,Y,3138,1538,3,11,3,884,2007,184750
525,95.0,11787.0,2Story,7,5,1996,,Y,1383,1015,2,8,3,834,2007,315750
526,62.0,7500.0,1Story,7,5,2005,1257,Y,1266,0,2,6,2,453,2006,176000
527,70.0,,1Story,5,7,1956,928,Y,928,0,1,4,1,252,2007,132000
528,67.0,14948.0,2Story,9,5,2008,1452,Y,1476,1237,2,11,3,858,2008,446261
529,58.0,9098.0,1Story,4,7,1920,,Y,605,0,1,5,0,0,2007,86000
530,,32668.0,1Story,6,3,1957,2035,Y,2515,0,3,9,2,484,2007,200624
531,85.0,,SLvl,6,5,1988,1461,Y,1509,0,2,5,2,600,2008,175000
532,60.0,6155.0,2Story,6,8,1920,,Y,751,611,2,6,2,502,2008,128000
533,60.0,7200.0,1Story,5,7,1955,,Y,827,0,1,5,1,392,2010,107500
534,50.0,5000.0,1Story,1,3,1946,,N,334,0,1,2,0,0,2007,39300
535,74.0,9056.0,2Story,8,5,2004,707,Y,707,707,2,6,2,403,2006,178000
536,70.0,7000.0,2Story,5,7,1910,1117,Y,820,527,1,5,0,0,2008,107500
537,57.0,8924.0,2Story,7,5,1998,,Y,880,844,2,8,2,527,2008,188000
538,,12735.0,1Story,4,5,1972,864,Y,864,0,1,5,2,576,2008,111250
539,,11553.0,1Story,5,5,1968,,Y,1159,0,1,7,1,336,2006,158000
540,,11423.0,1Story,8,5,2001,1581,Y,1601,0,2,6,2,670,2010,272000
541,85.0,14601.0,1Story,9,5,2006,,Y,1838,0,2,8,3,765,2009,315000
542,,11000.0,2Story,8,5,2000,,Y,997,1288,2,8,3,648,2007,248000
543,78.0,10140.0,1Story,7,5,1998,1650,Y,1680,0,2,7,2,583,2009,213250
544,34.0,4058.0,SFoyer,7,5,1998,723,Y,767,0,1,4,1,367,2007,133000
545,58.0,17104.0,2Story,7,5,2006,,Y,664,832,2,7,2,426,2006,179665
546,,13837.0,1.5Fin,7,5,1988,1204,Y,1377,806,2,9,3,786,2006,229000
547,70.0,,1.5Fin,6,7,1923,1065,Y,915,720,1,6,2,440,2007,210000
548,54.0,7244.0,SFoyer,5,7,1970,768,Y,768,0,1,5,2,624,2007,129500
549,49.0,8235.0,1Story,5,7,1955,825,Y,825,0,1,4,2,720,2008,125000
550,75.0,9375.0,2Story,7,5,2003,,Y,912,1182,2,8,2,615,2009,263000
551,53.0,4043.0,1Story,6,6,1977,1069,Y,1069,0,2,4,2,440,2008,140000
552,50.0,6000.0,1Story,5,6,1957,,Y,928,0,1,5,1,288,2008,112500
553,87.0,11146.0,1Story,8,5,2006,,Y,1717,0,2,7,3,908,2009,255500
554,67.0,8777.0,1Story,4,5,1949,,Y,1126,0,2,5,2,520,2009,108000
555,85.0,10625.0,2Story,7,5,2003,998,Y,1006,1040,2,8,3,871,2008,284000
556,58.0,6380.0,1.5Unf,5,6,1922,993,Y,1048,0,1,5,1,280,2006,113000
557,69.0,14850.0,1Story,5,5,1957,1092,Y,1092,0,1,6,1,299,2006,141000
558,60.0,11040.0,1.5Fin,4,6,1920,637,Y,897,439,1,7,1,570,2006,108000
559,57.0,21872.0,2Story,7,5,1996,729,Y,729,717,2,6,2,406,2008,175000
560,,3196.0,1Story,7,5,2003,1374,Y,1557,0,2,7,2,420,2006,234000
561,,11341.0,1Story,5,6,1957,1392,Y,1392,0,1,5,2,528,2010,121500
562,77.0,10010.0,1Story,5,5,1974,1389,Y,1389,0,1,6,2,418,2006,170000
563,63.0,13907.0,1Story,5,6,1940,996,Y,996,0,1,6,0,0,2008,108000
564,66.0,21780.0,1.5Fin,6,7,1918,1163,Y,1163,511,2,8,2,396,2008,185000
565,,,2Story,7,5,1992,1095,Y,1166,1129,2,9,2,590,2006,268000
566,66.0,6858.0,2Story,6,4,1915,806,N,841,806,1,6,1,216,2010,128000
567,77.0,11198.0,2Story,9,5,2005,,Y,1134,1370,2,11,3,656,2008,325000
568,70.0,10171.0,1Story,7,5,2004,1517,Y,1535,0,2,7,2,532,2010,214000
569,79.0,12327.0,1.5Fin,8,8,1983,,Y,1496,636,1,5,2,612,2009,316600
570,,7032.0,SFoyer,5,5,1979,943,Y,943,0,1,4,2,600,2006,135960
571,74.0,13101.0,1Story,5,5,1965,,Y,1728,0,2,10,2,576,2008,142600
572,60.0,7332.0,1Story,6,6,1959,864,Y,864,0,1,4,1,288,2006,120000
573,83.0,13159.0,2Story,7,5,2009,846,Y,846,846,2,6,2,650,2009,224500
574,76.0,9967.0,SLvl,7,5,2000,384,Y,774,656,2,8,2,400,2007,170000
575,70.0,,SLvl,5,7,1971,,Y,576,533,1,5,1,288,2007,139000
576,80.0,8480.0,1.5Fin,5,5,1947,832,Y,832,384,1,6,1,336,2008,118500
577,52.0,6292.0,1.5Fin,7,7,1928,,Y,877,600,2,6,1,216,2009,145000
578,96.0,11777.0,SLvl,5,6,1966,1164,Y,1320,0,1,6,2,564,2006,164500
579,34.0,,2Story,7,5,2007,689,Y,703,689,2,5,2,540,2008,146000
580,81.0,12150.0,1.5Fin,5,5,1954,,N,1050,745,2,7,1,352,2008,131500
581,,14585.0,1Story,6,6,1960,,Y,1429,0,1,7,2,572,2007,181900
582,98.0,12704.0,1Story,8,5,2008,2042,Y,2042,0,2,8,3,1390,2009,253293
583,81.0,11841.0,SFoyer,6,5,1990,,Y,816,0,1,5,0,0,2007,118500
584,75.0,13500.0,2.5Unf,10,9,1893,,Y,1521,1254,3,9,2,880,2008,325000
585,51.0,6120.0,1.5Fin,4,7,1935,884,Y,989,584,1,6,1,240,2009,133000
586,88.0,11443.0,1Story,8,5,2005,1868,Y,2028,0,2,7,3,880,2006,369900
587,55.0,10267.0,1Story,6,7,1918,816,Y,838,0,1,5,1,275,2008,130000
588,74.0,8740.0,SFoyer,5,6,1982,840,Y,860,0,1,4,2,528,2009,137000
589,65.0,25095.0,1Story,5,8,1968,,Y,1473,0,1,5,1,452,2009,143000
590,50.0,9100.0,1Story,5,6,1930,742,Y,779,0,1,4,1,308,2008,79500
591,64.0,8320.0,2Story,7,5,2004,,Y,770,812,2,6,2,520,2008,185900
592,97.0,,2Story,10,5,2008,,Y,1728,568,2,10,3,842,2009,451950
593,60.0,6600.0,1Story,5,8,1982,,Y,816,0,1,4,2,816,2008,138000
594,,4435.0,1Story,6,5,2003,848,Y,848,0,1,4,2,420,2009,140000
595,88.0,7990.0,1Story,5,6,1975,924,Y,924,0,1,5,1,280,2008,110000
596,69.0,,1Story,8,5,2005,,Y,1826,0,2,7,3,758,2006,319000
597,60.0,3600.0,2Story,6,7,1910,684,N,684,684,1,7,1,216,2006,114504
598,53.0,3922.0,1Story,7,5,2006,1258,Y,1402,0,0,7,3,648,2007,194201
599,80.0,12984.0,1Story,5,6,1977,1430,Y,1647,0,2,7,2,621,2006,217500
600,24.0,1950.0,2Story,6,6,1980,716,Y,716,840,2,6,2,452,2008,151000
601,74.0,10927.0,2Story,8,5,2005,,Y,1058,846,2,8,2,736,2006,275000
602,50.0,9000.0,1.5Fin,6,6,1937,,Y,780,595,1,6,1,544,2007,141000
603,80.0,10041.0,2Story,8,5,1992,,Y,927,988,2,8,2,506,2006,220000
604,30.0,3182.0,2Story,7,5,2004,,Y,600,600,2,4,2,480,2010,151000
605,88.0,12803.0,1Story,7,5,2002,,Y,1494,0,2,6,2,530,2008,221000
606,85.0,13600.0,2Story,7,6,1965,,Y,1186,800,2,7,2,486,2009,205000
607,82.0,12464.0,1Story,5,5,1996,1040,Y,1040,0,1,6,2,576,2009,152000
608,78.0,7800.0,2Story,5,8,1948,,Y,1112,896,3,8,1,230,2006,225000
609,78.0,12168.0,2Story,8,6,1934,,Y,1940,1254,2,10,2,380,2007,359100
610,61.0,7943.0,1Story,4,5,1961,1029,Y,1029,0,1,5,1,261,2007,118500
611,,11050.0,2Story,9,5,2000,,Y,1476,677,2,8,3,736,2009,313000
612,,10395.0,SLvl,6,6,1978,1032,Y,1032,0,2,6,2,564,2007,148000
613,,11885.0,2Story,8,5,2001,1299,Y,1299,573,2,7,2,531,2009,261500
614,70.0,8402.0,1Story,5,5,2007,1120,Y,1120,0,1,6,0,0,2007,147000
615,21.0,1491.0,SFoyer,4,6,1972,,Y,630,0,1,3,0,0,2010,75500
616,80.0,8800.0,SFoyer,6,7,1963,936,Y,1054,0,1,6,2,480,2010,137500
617,,,2Story,6,5,2002,,Y,807,702,2,7,2,393,2006,183200
618,59.0,7227.0,1.5Unf,6,6,1954,,Y,832,0,1,4,2,528,2008,105500
619,90.0,,1Story,9,5,2007,1822,Y,1828,0,2,9,3,774,2007,314813
620,85.0,12244.0,2Story,8,5,2003,1482,Y,1482,780,2,10,3,749,2008,305000
621,45.0,8248.0,1Story,3,3,1914,,N,864,0,1,5,0,0,2008,67000
622,90.0,10800.0,2Story,6,7,1974,1522,Y,1548,1066,2,9,2,624,2008,240000
623,71.0,7064.0,1Story,5,6,1977,980,Y,980,0,1,6,2,484,2009,135000
624,,2117.0,2Story,6,5,2000,756,Y,756,756,2,4,2,440,2007,168500
625,80.0,10400.0,2Story,6,5,1972,,Y,1012,778,1,8,2,484,2006,165150
626,87.0,10000.0,1Story,6,6,1962,1116,Y,1116,0,1,5,2,440,2010,160000
627,,12342.0,1Story,5,5,1960,,Y,1422,0,1,6,1,286,2007,139900
628,80.0,9600.0,SLvl,6,6,1955,,Y,1520,0,1,7,1,364,2010,153000
629,70.0,11606.0,2Story,5,5,1969,1040,Y,1040,1040,1,9,2,504,2007,135000
630,82.0,9020.0,SLvl,6,5,1964,1248,Y,1350,0,1,6,2,520,2008,168500
631,50.0,9000.0,2Story,5,6,1880,636,Y,1089,661,1,8,1,240,2006,124000
632,34.0,4590.0,1Story,8,5,2006,,Y,1554,0,2,6,2,627,2007,209500
633,85.0,11900.0,1Story,7,5,1977,1386,Y,1411,0,2,6,2,544,2009,82500
634,80.0,9250.0,1Story,5,7,1954,1056,Y,1056,0,1,6,1,260,2007,139400
635,64.0,6979.0,SFoyer,6,5,1980,1056,Y,1056,0,0,4,2,576,2010,144000
636,60.0,10896.0,2.5Fin,6,7,1914,1440,Y,1440,1440,2,14,0,0,2007,200000
637,51.0,6120.0,1Story,2,3,1936,264,N,800,0,1,4,0,0,2009,60000
638,50.0,6000.0,1.5Fin,5,4,1954,,Y,811,576,2,7,1,256,2009,93000
639,67.0,8777.0,1Story,5,7,1910,796,Y,796,0,1,4,0,0,2008,85000
640,53.0,3982.0,1Story,8,5,2006,,Y,1567,0,2,7,3,648,2006,264561
641,62.0,12677.0,1Story,8,5,2003,1518,Y,1518,0,1,6,2,588,2008,274000
642,,7050.0,2Story,7,5,2001,1057,Y,1057,872,2,7,2,650,2007,226000
643,75.0,13860.0,SLvl,8,7,1972,1952,Y,2000,704,2,9,2,538,2009,345000
644,80.0,10793.0,2Story,5,5,1969,780,Y,780,840,2,7,2,462,2007,152000
645,85.0,9187.0,1Story,9,5,2009,,Y,1766,0,2,7,3,478,2009,370878
646,,10530.0,1Story,6,5,1971,,Y,981,0,1,5,2,576,2007,143250
647,60.0,7200.0,1Story,5,5,1950,0,Y,1048,0,1,7,2,420,2008,98300
648,85.0,10452.0,1Story,6,5,1953,1094,Y,1094,0,1,5,2,495,2008,155000
649,70.0,7700.0,2Story,6,5,1966,,Y,1051,788,1,7,2,442,2010,155000
650,21.0,1936.0,SFoyer,4,6,1970,630,Y,630,0,1,3,0,0,2007,84500
651,65.0,8125.0,2Story,7,6,2007,,Y,822,843,2,7,2,562,2008,205950
652,60.0,9084.0,2Story,4,5,1940,,Y,755,755,1,7,1,296,2009,108000
653,70.0,8750.0,2Story,7,5,1996,,Y,909,807,2,7,2,512,2009,191000
654,60.0,10320.0,1.5Fin,6,7,1906,756,Y,756,713,1,7,1,216,2008,135000
655,91.0,10437.0,1Story,8,6,1995,2109,Y,2113,0,2,7,3,839,2008,350000
656,21.0,1680.0,2Story,6,5,1971,,Y,525,567,1,6,1,264,2010,88000
657,72.0,10007.0,1Story,5,7,1959,,Y,1053,0,1,5,1,312,2008,145500
658,60.0,7200.0,2Story,7,6,1931,,Y,851,651,1,6,1,270,2008,149000
659,78.0,17503.0,1.5Fin,6,5,1948,912,Y,912,546,1,6,1,330,2010,97500
660,75.0,9937.0,1Story,5,7,1964,1486,Y,1486,0,1,7,2,480,2009,167000
661,,12384.0,2Story,7,7,1976,,Y,1142,793,2,7,2,550,2007,197900
662,52.0,46589.0,2Story,8,7,1994,1629,Y,1686,762,2,8,3,711,2009,402000
663,120.0,,1Story,6,3,1968,1392,Y,1392,0,1,5,2,576,2009,110000
664,90.0,,SFoyer,4,5,1972,,Y,1181,0,2,6,2,588,2008,137500
665,49.0,20896.0,1Story,8,5,2005,2077,Y,2097,0,1,8,3,1134,2006,423000
666,106.0,11194.0,2Story,8,5,2000,,Y,1454,482,2,7,2,504,2006,230500
667,,,2Story,6,5,1965,1021,Y,1465,915,2,7,2,596,2007,129000
668,65.0,8125.0,1Story,6,5,1994,,Y,1679,0,2,7,2,575,2008,193500
669,,14175.0,1Story,5,6,1956,1188,Y,1437,0,1,6,2,576,2006,168000
670,80.0,11600.0,1Story,4,5,1922,,Y,1180,0,1,5,1,252,2006,137500
671,64.0,8633.0,2Story,6,5,2005,738,Y,738,738,2,7,2,540,2009,173500
672,54.0,6629.0,2Story,6,6,1925,672,N,697,672,2,6,1,300,2009,103600
673,,11250.0,1Story,6,6,1977,1208,Y,1208,0,1,6,2,546,2006,165000
674,110.0,14442.0,1Story,6,7,1957,1477,Y,1839,0,2,7,2,416,2007,257500
675,80.0,9200.0,1Story,6,6,1965,1136,Y,1136,0,1,5,1,384,2008,140000
676,24.0,2289.0,2Story,6,6,1978,,Y,855,586,2,7,2,440,2009,148500
677,60.0,9600.0,2Story,4,2,1900,1095,N,1095,679,2,8,3,779,2006,87000
678,52.0,9022.0,1Story,5,8,1924,,Y,792,0,1,5,1,240,2009,109500
679,80.0,11844.0,1Story,8,5,2008,,Y,2046,0,2,7,3,834,2009,372500
680,,,1Story,5,5,1961,988,Y,988,0,1,5,2,572,2007,128500
681,50.0,8012.0,1Story,6,5,1980,,Y,923,0,2,5,1,264,2010,143000
682,55.0,4500.0,1.5Fin,5,5,1932,793,Y,848,672,1,6,1,281,2009,159434
683,,2887.0,1Story,6,5,1996,1291,Y,1291,0,1,6,2,431,2008,173000
684,90.0,11248.0,1Story,9,5,2002,1626,Y,1668,0,2,7,3,702,2007,285000
685,58.0,16770.0,2Story,7,5,1998,1195,Y,1195,644,2,7,2,486,2010,221000
686,,5062.0,2Story,7,5,1984,,Y,1190,900,2,6,2,577,2007,207500
687,84.0,10207.0,2Story,7,6,2007,,Y,874,887,3,7,2,578,2007,227875
688,,5105.0,2Story,7,5,2004,551,Y,551,551,2,4,2,480,2007,148800
689,60.0,8089.0,1Story,8,6,2007,,Y,1419,0,2,7,2,567,2007,392000
690,61.0,7577.0,1Story,6,5,2005,1362,Y,1362,0,2,6,2,460,2007,194700
691,,4426.0,1Story,6,5,2004,,Y,848,0,1,3,2,420,2008,141000
692,104.0,21535.0,2Story,10,6,1994,,Y,2444,1872,3,10,3,832,2007,755000
693,42.0,26178.0,2Story,7,5,1989,1210,Y,1238,1281,2,9,2,628,2006,335000
694,60.0,5400.0,1Story,5,6,1921,1073,Y,1073,0,1,4,1,326,2006,108480
695,51.0,6120.0,1.5Fin,5,6,1936,927,Y,1067,472,1,5,2,576,2009,141500
696,54.0,13811.0,1Story,6,6,1987,,Y,1137,0,2,5,2,551,2006,176000
697,50.0,6000.0,1Story,5,7,1921,616,Y,616,0,1,4,1,205,2006,89000
698,57.0,6420.0,1Story,5,7,1952,980,Y,1148,0,1,6,1,308,2006,123500
699,65.0,8450.0,1Story,5,8,1965,,Y,894,0,1,5,1,336,2010,138500
700,59.0,,1Story,7,5,2004,1391,Y,1391,0,2,5,2,530,2008,196000
701,85.0,14331.0,1Story,8,5,2002,,Y,1800,0,2,7,3,765,2006,312500
702,80.0,9600.0,1Story,7,5,1969,1164,Y,1164,0,1,6,2,528,2006,140000
703,82.0,12438.0,2Story,8,5,2006,1234,Y,1264,1312,2,10,3,666,2006,361919
704,76.0,7630.0,2Story,5,9,1900,360,Y,1032,780,2,8,2,672,2010,140000
705,70.0,8400.0,1Story,7,5,2004,1473,Y,1484,0,2,7,2,606,2010,213000
706,70.0,5600.0,2Story,4,5,1930,0,N,372,720,2,7,0,0,2010,55000
707,,115149.0,1Story,7,5,1971,1643,Y,1824,0,2,5,2,739,2007,302000
708,48.0,,1Story,8,5,2006,,Y,1324,0,2,6,2,550,2009,254000
709,65.0,9018.0,2Story,7,5,2007,,Y,728,728,2,8,2,400,2007,179540
710,,7162.0,1Story,5,7,1966,876,Y,904,0,1,6,1,408,2008,109900
711,56.0,4130.0,1Story,3,6,1935,270,Y,729,0,1,5,0,0,2008,52000
712,66.0,,1.5Fin,4,7,1900,859,Y,859,319,1,7,1,384,2010,102776
713,40.0,4671.0,1Story,8,5,1988,1228,Y,1228,0,2,5,2,472,2008,189000
714,60.0,9873.0,1Story,4,5,1970,960,N,960,0,1,6,2,576,2006,129000
715,,13517.0,2Story,6,8,1976,725,Y,725,754,2,6,2,475,2010,130500
716,78.0,,1Story,6,5,1974,,Y,1350,0,2,7,2,478,2009,165000
717,60.0,10800.0,2Story,7,8,1890,,Y,1576,978,1,8,2,704,2007,159500
718,80.0,10000.0,1Story,5,6,1973,1176,Y,1178,0,1,5,2,439,2008,157000
719,96.0,10542.0,2Story,7,5,1993,,Y,1325,1093,2,9,3,983,2008,341000
720,69.0,9920.0,1Story,5,6,1969,971,Y,971,0,1,5,1,300,2006,128500
721,,6563.0,1Story,8,5,1985,1742,Y,1742,0,2,5,2,564,2006,275000
722,,4426.0,1Story,6,5,2004,848,Y,848,0,1,3,2,420,2010,143000
723,70.0,,1Story,4,7,1970,864,Y,864,0,1,5,2,463,2009,124500
724,60.0,8172.0,1.5Fin,4,6,1954,941,Y,997,473,2,7,1,548,2008,135000
725,86.0,13286.0,1Story,9,5,2007,1698,Y,1698,0,2,8,3,768,2009,320000
726,60.0,6960.0,1Story,4,6,1970,864,Y,864,0,1,5,2,660,2009,120500
727,,21695.0,1Story,6,9,1988,,Y,1680,0,2,5,2,540,2009,222000
728,64.0,7314.0,1Story,7,5,2007,1232,Y,1232,0,2,6,2,632,2009,194500
729,85.0,11475.0,1Story,5,5,1958,,Y,1776,0,2,9,3,888,2009,110000
730,52.0,6240.0,1.5Fin,4,5,1925,780,Y,848,0,1,5,2,539,2009,103000
731,39.0,5389.0,1Story,8,5,1995,1595,Y,1616,0,2,5,2,608,2010,236500
732,73.0,9590.0,SLvl,7,5,2003,,Y,1146,0,2,6,2,438,2007,187500
733,75.0,11404.0,2Story,7,5,1998,,Y,1153,878,2,8,2,541,2008,222500
734,80.0,10000.0,1Story,5,6,1961,,Y,1144,0,1,6,1,264,2009,131400
735,,8978.0,1Story,5,5,1968,948,Y,948,0,1,6,1,300,2007,108000
736,60.0,10800.0,2.5Unf,7,7,1914,880,N,880,888,1,6,2,320,2006,163000
737,60.0,8544.0,1Story,3,4,1950,,N,1040,0,2,6,2,400,2006,93500
738,72.0,10463.0,2Story,8,5,2005,893,Y,901,900,2,8,3,800,2006,239900
739,60.0,10800.0,1Story,5,5,1987,1200,Y,1200,0,3,5,0,0,2009,179000
740,65.0,9313.0,2Story,7,5,2004,,Y,864,864,2,7,2,572,2009,190000
741,60.0,9600.0,2Story,5,7,1910,264,Y,768,664,2,7,2,360,2007,132000
742,65.0,6768.0,1Story,6,8,1961,912,Y,912,0,1,5,1,288,2008,142000
743,65.0,8450.0,1Story,7,5,2000,1349,Y,1349,0,2,6,2,539,2007,179000
744,70.0,,SLvl,5,6,1963,520,Y,1464,0,2,6,2,480,2009,175000
745,41.0,5395.0,1Story,8,5,1993,1337,Y,1337,0,2,5,2,462,2008,180000
746,,8963.0,2Story,8,9,1976,1142,Y,1175,1540,3,11,2,831,2008,299800
747,,8795.0,2Story,7,5,2000,,Y,980,1276,2,8,2,554,2009,236000
748,65.0,11700.0,2Story,7,7,1880,1240,N,1320,1320,1,8,4,864,2009,265979
749,59.0,10593.0,1Story,7,5,1996,1720,Y,1720,0,2,7,2,527,2010,260400
750,50.0,8405.0,1.5Fin,4,3,1945,0,N,1088,441,2,9,1,240,2009,98000
751,55.0,8800.0,1.5Fin,4,7,1910,576,Y,792,348,1,7,0,0,2010,96500
752,,7750.0,2Story,7,5,2003,660,Y,660,660,2,6,2,400,2007,162000
753,79.0,9236.0,1Story,6,5,1997,,Y,1494,0,2,6,2,576,2006,217000
754,80.0,10240.0,2Story,8,5,2005,,Y,1038,1060,2,8,3,878,2006,275500
755,61.0,7930.0,1Story,6,8,1969,1026,Y,1026,0,1,5,2,440,2009,156000
756,34.0,3230.0,2Story,6,5,1999,729,Y,742,729,2,6,2,440,2009,172500
757,68.0,10769.0,2Story,8,5,2007,866,Y,866,902,2,7,2,578,2009,212000
758,,11616.0,2Story,6,5,1978,672,Y,672,714,2,6,2,440,2010,158900
759,24.0,2280.0,2Story,7,5,1999,744,Y,757,744,2,6,2,440,2008,179400
760,65.0,12257.0,2Story,8,5,1995,,Y,1328,1203,2,9,3,752,2007,290000
761,70.0,9100.0,1Story,6,6,1959,864,Y,864,0,1,5,1,300,2009,127500
762,60.0,6911.0,1Story,5,5,1924,1145,Y,1301,0,1,5,2,440,2009,100000
763,72.0,8640.0,2Story,7,5,2009,756,Y,764,783,2,7,2,614,2010,215200
764,82.0,9430.0,2Story,8,5,1999,1252,Y,1268,1097,2,8,3,856,2009,337000
765,30.0,9549.0,1Story,8,5,1995,1494,Y,1494,0,1,6,2,481,2006,270000
766,75.0,14587.0,1Story,9,5,2008,1498,Y,1506,0,2,6,2,592,2008,264132
767,80.0,10421.0,2Story,7,5,1988,,Y,980,734,2,7,2,496,2010,196500
768,75.0,12508.0,1.5Fin,6,7,1940,983,Y,983,767,2,7,1,423,2008,160000
769,70.0,9100.0,1Story,7,5,2004,,Y,1836,0,2,8,2,484,2006,216837
770,47.0,53504.0,2Story,8,5,2003,1650,Y,1690,1589,3,12,3,841,2010,538000
771,,7252.0,SFoyer,5,5,1982,858,Y,858,0,1,5,2,576,2009,134900
772,67.0,8877.0,1Story,4,5,1951,836,Y,1220,0,1,6,2,396,2006,102000
773,94.0,7819.0,SLvl,6,5,1976,1029,Y,1117,0,1,6,2,672,2010,107000
774,70.0,10150.0,1Story,5,5,1958,912,Y,912,0,1,5,1,275,2007,114500
775,110.0,14226.0,1Story,8,5,2006,,Y,1973,0,2,9,3,895,2007,395000
776,32.0,4500.0,1Story,6,5,1998,,Y,1204,0,2,5,2,412,2009,162000
777,86.0,11210.0,1Story,7,5,2005,,Y,1614,0,2,7,3,865,2006,221500
778,100.0,13350.0,1Story,5,5,1974,,Y,894,0,1,5,2,440,2006,142500
779,60.0,8400.0,1Story,5,5,1977,0,Y,2020,0,2,10,2,630,2007,144000
780,78.0,10530.0,SFoyer,6,5,1977,975,Y,1004,0,1,4,2,504,2006,135000
781,63.0,7875.0,1Story,7,5,1995,,Y,1253,0,2,6,2,402,2007,176000
782,65.0,7153.0,2Story,6,5,1992,,Y,810,793,2,7,2,484,2006,175900
783,67.0,16285.0,1Story,7,5,2001,,Y,1430,0,2,6,2,605,2009,187100
784,,9101.0,SFoyer,5,6,1978,,Y,1110,0,1,4,2,602,2009,165500
785,35.0,6300.0,2.5Unf,6,6,1914,742,Y,742,742,2,9,0,0,2008,128000
786,,9790.0,1Story,6,5,1967,1372,Y,1342,0,2,7,2,457,2009,161500
787,60.0,10800.0,1.5Fin,5,6,1915,686,Y,966,686,2,7,1,416,2010,139000
788,76.0,10142.0,2Story,7,5,2004,956,Y,956,1128,2,8,2,618,2010,233000
789,50.0,6000.0,1Story,4,7,1954,901,Y,901,0,1,4,1,281,2008,107900
790,,12205.0,2Story,6,8,1966,,Y,976,1111,2,9,2,444,2007,187500
791,43.0,3182.0,1Story,7,5,2005,1145,Y,1145,0,2,5,2,397,2009,160200
792,,11333.0,SLvl,6,5,1976,,Y,1062,0,1,5,2,539,2007,146800
793,92.0,,2Story,7,5,1996,1117,Y,1127,886,2,8,2,455,2007,269790
794,76.0,9158.0,1Story,8,5,2007,,Y,1496,0,2,7,2,474,2007,225000
795,,,2Story,7,5,1994,712,Y,1086,809,2,7,2,409,2008,194500
796,70.0,8400.0,2Story,6,6,1980,,Y,888,676,2,7,2,476,2010,171000
797,71.0,8197.0,1Story,6,5,1977,660,Y,1285,0,1,7,2,528,2007,143500
798,57.0,7677.0,1Story,5,5,1953,,Y,773,0,1,4,1,240,2008,110000
799,104.0,,2Story,9,5,2008,1926,Y,1966,1174,3,11,3,820,2009,485000
800,60.0,7200.0,1.5Fin,5,7,1937,731,Y,981,787,1,7,1,240,2007,175000
801,79.0,12798.0,2Story,6,5,1997,616,Y,616,1072,2,8,2,603,2008,200000
802,40.0,4800.0,1Story,4,7,1916,1196,Y,1196,0,1,5,2,440,2007,109900
803,63.0,8199.0,2Story,7,5,2005,,Y,728,728,2,7,2,410,2008,189000
804,107.0,13891.0,2Story,9,5,2008,,Y,1734,1088,3,12,3,1020,2009,582933
805,75.0,9000.0,1Story,5,5,1954,,Y,1128,0,1,5,1,286,2006,118000
806,91.0,12274.0,1Story,7,5,2008,1417,Y,1428,0,2,6,2,554,2008,227680
807,75.0,9750.0,SLvl,5,5,1967,,Y,980,0,2,6,1,384,2006,135500
808,144.0,21384.0,2Story,5,6,1923,,Y,1072,504,1,6,2,528,2009,223500
809,85.0,13400.0,SLvl,5,5,1966,1024,Y,1086,0,1,6,2,484,2006,159950
810,90.0,8100.0,2.5Unf,5,5,1898,,N,1075,1063,2,11,2,360,2009,106000
811,78.0,,1Story,6,6,1974,1040,Y,1309,0,1,5,2,484,2006,181000
812,,4438.0,1Story,6,5,2004,848,Y,848,0,1,4,2,420,2008,144500
813,66.0,8712.0,1Story,5,5,1952,540,N,1044,0,1,4,2,504,2010,55993
814,75.0,9750.0,1Story,6,6,1958,,Y,1442,0,1,7,1,301,2007,157900
815,45.0,8248.0,1.5Fin,5,7,1918,,Y,686,564,1,7,1,280,2006,116000
816,48.0,12137.0,1Story,7,5,1998,1649,Y,1661,0,2,6,2,598,2010,224900
817,,11425.0,1Story,5,6,1954,1008,Y,1008,0,1,4,1,275,2006,137000
818,,13265.0,1Story,8,5,2002,1568,Y,1689,0,2,7,3,857,2008,271000
819,80.0,8816.0,SLvl,6,7,1971,1010,Y,1052,0,1,6,2,440,2010,155000
820,44.0,6371.0,1Story,7,5,2009,1358,Y,1358,0,2,6,2,484,2010,224000
821,72.0,7226.0,2Story,7,5,2003,798,Y,798,842,2,6,2,595,2008,183000
822,60.0,6000.0,1Story,4,4,1953,,N,936,0,1,4,2,576,2009,93000
823,,12394.0,2Story,7,5,2003,847,Y,847,886,2,7,2,433,2007,225000
824,60.0,9900.0,1.5Fin,6,7,1940,,Y,944,545,2,7,1,240,2009,139500
825,81.0,11216.0,1Story,8,5,2006,,Y,1489,0,2,7,2,776,2006,232600
826,114.0,14803.0,1Story,10,5,2007,2078,Y,2084,0,2,7,3,1220,2008,385000
827,50.0,6130.0,1.5Unf,5,6,1924,784,Y,784,0,1,5,0,0,2008,109500
828,65.0,8529.0,1Story,7,5,2001,,Y,1434,0,2,6,2,527,2009,189000
829,,28698.0,2Story,5,5,1967,1013,Y,1160,966,2,7,2,538,2009,185000
830,24.0,,2Story,7,5,2005,,Y,520,623,2,4,2,480,2006,147400
831,80.0,11900.0,1Story,6,5,1957,1392,Y,1392,0,1,6,2,458,2008,166000
832,30.0,3180.0,2Story,7,5,2005,,Y,520,600,2,4,2,480,2006,151000
833,44.0,9548.0,2Story,7,6,2003,941,Y,941,888,2,7,2,613,2010,237000
834,100.0,10004.0,1Story,6,6,1964,1516,Y,1516,0,1,6,2,472,2009,167000
835,75.0,7875.0,1Story,5,6,1961,1144,Y,1144,0,1,6,2,456,2008,139950
836,60.0,9600.0,1Story,4,7,1950,1067,Y,1067,0,2,4,2,436,2010,128000
837,90.0,8100.0,1Story,5,6,1948,1559,Y,1559,0,1,5,2,812,2007,153500
838,21.0,1680.0,2Story,6,5,1973,483,Y,483,504,1,5,1,264,2008,100000
839,75.0,9525.0,1Story,5,6,1995,,Y,1099,0,1,6,1,352,2008,144000
840,70.0,11767.0,1.5Fin,5,6,1946,768,Y,768,432,1,6,1,240,2008,130500
841,,12155.0,2Story,6,8,1925,,N,810,672,2,7,1,400,2008,140000
842,60.0,10440.0,2Story,5,8,1904,,Y,958,581,2,8,2,686,2008,157500
843,82.0,,SLvl,6,7,1966,1127,Y,1165,0,1,6,2,490,2008,174900
844,80.0,8000.0,1Story,5,4,1961,,N,1800,0,2,10,0,0,2007,141000
845,100.0,12665.0,1.5Fin,5,8,1915,,Y,876,540,1,7,3,720,2008,153900
846,,16647.0,SFoyer,5,5,1975,,Y,1701,0,2,6,2,611,2007,171000
847,75.0,9317.0,2Story,7,5,1993,740,Y,1006,769,2,7,2,425,2009,213000
848,36.0,15523.0,1Story,5,6,1972,864,Y,864,0,1,5,1,338,2009,133500
849,75.0,45600.0,1.5Fin,6,8,1908,907,Y,1307,1051,3,10,2,360,2008,240000
850,80.0,9600.0,SLvl,6,7,1976,,Y,1094,761,2,7,2,512,2007,187000
851,36.0,4435.0,1Story,6,5,2003,,Y,848,0,1,3,2,420,2007,131500
852,,3196.0,1Story,8,5,2003,,Y,1456,0,2,7,2,400,2006,215000
853,53.0,7128.0,2.5Unf,7,5,1941,,Y,918,728,2,7,1,240,2007,164000
854,,12095.0,SLvl,6,6,1964,1127,Y,1445,0,1,7,2,645,2009,158000
855,102.0,,1Story,5,4,1955,,Y,1779,0,1,6,2,454,2006,170000
856,,6897.0,1Story,5,8,1962,,Y,1040,0,1,6,1,260,2010,127000
857,,10970.0,SLvl,6,6,1978,,Y,1026,0,1,5,2,576,2008,147000
858,65.0,8125.0,2Story,6,5,1994,,Y,702,779,2,6,2,343,2009,174000
859,80.0,10400.0,1Story,7,5,1976,,Y,1370,0,2,6,2,479,2009,152000
860,,11029.0,2Story,6,7,1968,,Y,1512,1142,2,9,2,619,2006,250000
861,55.0,7642.0,1.5Fin,7,8,1918,,Y,912,514,1,7,1,216,2007,189950
862,75.0,11625.0,1Story,5,4,1965,1039,Y,1039,0,1,6,2,504,2010,131500
863,81.0,9672.0,1Story,6,5,1984,1040,Y,1097,0,2,6,2,480,2010,152000
864,70.0,7931.0,1Story,5,5,1959,,Y,1148,0,1,6,1,672,2009,132500
865,72.0,8640.0,1Story,7,5,2007,1372,Y,1372,0,2,6,2,529,2008,250580
866,,8750.0,1Story,5,6,1970,1002,Y,1002,0,1,5,2,902,2009,148500
867,67.0,10656.0,1Story,8,5,2006,1638,Y,1646,0,2,6,3,870,2007,248900
868,85.0,6970.0,1Story,4,5,1961,1040,Y,1120,0,1,5,2,544,2007,129000
869,,14762.0,2Story,5,6,1948,0,Y,1547,720,2,7,2,672,2006,169000
870,80.0,9938.0,2Story,7,5,1993,,Y,1062,887,2,8,2,574,2010,236000
871,60.0,6600.0,1Story,5,5,1962,,N,894,0,1,5,1,308,2009,109500
872,70.0,8750.0,2Story,6,5,1998,804,Y,804,878,2,7,2,523,2010,200500
873,74.0,8892.0,1Story,5,7,1953,105,Y,910,0,1,5,2,414,2008,116000
874,60.0,12144.0,1Story,5,7,1949,832,Y,1036,0,1,6,1,288,2009,133000
875,52.0,5720.0,1.5Fin,5,6,1941,676,Y,676,455,1,5,1,200,2009,66500
876,75.0,9000.0,2Story,8,5,2007,1184,Y,1184,1426,2,11,2,550,2007,303477
877,94.0,25286.0,1Story,4,5,1963,1064,Y,1040,0,1,5,2,648,2007,132250
878,74.0,8834.0,2Story,9,5,2004,1462,Y,1462,762,2,10,3,738,2009,350000
879,88.0,11782.0,SFoyer,5,7,1961,1109,Y,1155,0,1,6,2,576,2010,148000
880,,7000.0,1Story,5,8,1978,,Y,864,0,1,6,1,336,2009,136500
881,60.0,7024.0,1Story,5,5,2005,1090,Y,1090,0,1,5,2,450,2007,157000
882,44.0,,1.5Fin,7,5,1990,1156,Y,1187,530,2,7,2,400,2007,187500
883,,,2Story,6,5,1992,808,Y,808,785,2,7,2,389,2009,178000
884,60.0,6204.0,2.5Fin,4,5,1912,795,N,954,795,1,10,1,440,2006,118500
885,65.0,7150.0,1Story,5,5,1967,,Y,892,0,1,5,1,288,2009,100000
886,50.0,5119.0,1Story,9,5,1999,,Y,1709,0,2,5,2,506,2008,328900
887,70.0,8393.0,1Story,5,5,1959,1626,Y,1712,0,2,8,2,588,2006,145000
888,59.0,16466.0,1.5Fin,5,7,1955,816,Y,872,521,1,8,1,300,2008,135500
889,95.0,15865.0,1Story,8,6,1970,2217,Y,2217,0,2,8,2,621,2007,268000
890,128.0,12160.0,1Story,6,4,1953,1505,Y,1505,0,1,6,2,505,2009,149500
891,60.0,8064.0,1.5Fin,5,7,1949,,Y,672,252,1,6,2,576,2007,122900
892,70.0,11184.0,2Story,6,5,1978,,Y,918,765,2,7,2,440,2009,172500
893,70.0,8414.0,1Story,6,8,1963,,Y,1068,0,1,6,1,264,2006,154500
894,,13284.0,1Story,5,5,1954,1383,Y,1383,0,1,6,1,354,2008,165000
895,64.0,,1Story,5,5,1979,0,Y,1535,0,2,8,2,400,2009,118858
896,71.0,7056.0,2Story,6,5,1963,780,Y,983,813,1,8,2,483,2008,140000
897,50.0,8765.0,1Story,4,6,1936,951,N,951,0,1,6,1,327,2006,106500
898,64.0,7018.0,2Story,5,5,1979,0,Y,1120,1120,2,12,2,528,2009,142953
899,100.0,12919.0,1Story,9,5,2009,,Y,2364,0,2,11,3,820,2010,611657
900,65.0,6993.0,1Story,5,7,1961,912,Y,1236,0,1,6,1,288,2006,135000
901,,7340.0,1Story,4,6,1971,858,Y,858,0,1,4,1,684,2007,110000
902,64.0,8712.0,1Story,5,7,1957,992,Y,1306,0,1,5,1,756,2009,153000
903,63.0,7875.0,2Story,7,5,2003,,Y,807,702,2,8,2,393,2006,180000
904,50.0,14859.0,1Story,7,5,2006,,Y,1670,0,2,7,3,690,2006,240000
905,,,1Story,5,6,1967,876,Y,902,0,1,6,1,288,2007,125500
906,80.0,9920.0,1Story,5,5,1954,1056,Y,1063,0,1,6,1,280,2010,128000
907,116.0,13501.0,1Story,8,5,2006,1623,Y,1636,0,2,8,3,865,2007,255000
908,86.0,11500.0,1.5Fin,7,7,1936,1017,Y,1020,1037,1,6,1,180,2006,250000
909,,8885.0,1Story,5,5,1983,864,Y,902,0,1,5,2,484,2006,131000
910,149.0,12589.0,2Story,6,5,2005,,Y,742,742,2,8,2,390,2009,174000
911,80.0,11600.0,2Story,5,5,1960,1105,Y,1105,1169,2,12,2,480,2010,154300
912,,9286.0,1Story,5,7,1977,1268,Y,1268,0,1,5,1,252,2009,143500
913,51.0,6120.0,1Story,5,7,1925,768,N,1015,0,1,6,1,450,2006,88000
914,82.0,6270.0,2Story,5,6,1949,,N,1001,1001,2,8,3,871,2007,145000
915,30.0,3000.0,2Story,6,5,2009,612,Y,612,612,2,4,2,528,2009,173733
916,21.0,2001.0,2Story,4,5,1970,,Y,546,546,1,6,1,286,2007,75000
917,50.0,9000.0,1Story,2,3,1949,480,N,480,0,0,4,1,308,2006,35311
918,,17140.0,1Story,4,6,1956,1134,Y,1229,0,1,6,1,284,2009,135000
919,103.0,13125.0,2Story,7,5,1991,1104,Y,912,1215,2,8,3,833,2007,238000
920,87.0,11029.0,1Story,6,8,1958,,Y,1414,0,1,6,2,601,2008,176500
921,70.0,8462.0,2Story,6,5,1994,,Y,936,785,2,7,2,471,2007,201000
922,67.0,8777.0,1.5Fin,5,7,1900,,Y,1272,928,2,9,0,0,2008,145900
923,65.0,10237.0,1Story,6,5,2005,1316,Y,1316,0,2,6,2,397,2006,169990
924,50.0,8012.0,1Story,6,5,1993,1604,Y,1617,0,2,5,2,533,2008,193000
925,79.0,10240.0,1Story,6,6,1980,1686,Y,1686,0,2,7,2,612,2006,207500
926,,15611.0,1Story,5,6,1977,1126,Y,1126,0,2,6,2,540,2008,175000
927,93.0,,2Story,8,5,2003,,Y,1234,1140,2,10,3,656,2007,285000
928,,9900.0,2Story,7,5,1968,832,Y,1098,880,2,9,2,486,2008,176000
929,,11838.0,1Story,8,5,2001,1753,Y,1788,0,2,7,2,522,2009,236500
930,,13006.0,2Story,7,5,1997,964,Y,993,1243,2,8,2,642,2006,222000
931,73.0,8925.0,1Story,8,5,2007,,Y,1466,0,2,7,3,610,2009,201000
932,70.0,9100.0,1Story,5,6,1965,925,Y,925,0,1,5,1,429,2009,117500
933,84.0,11670.0,1Story,9,5,2006,,Y,1905,0,2,8,3,788,2007,320000
934,63.0,8487.0,1Story,7,5,2004,1500,Y,1500,0,2,6,2,570,2009,190000
935,313.0,27650.0,1Story,7,7,1960,585,Y,2069,0,2,9,2,505,2008,242000
936,52.0,5825.0,1Story,4,5,1926,600,Y,747,0,1,5,2,528,2006,79900
937,67.0,10083.0,1Story,7,5,2003,1176,Y,1200,0,2,5,2,555,2009,184900
938,75.0,9675.0,2Story,7,5,2005,1113,Y,1113,858,2,8,2,689,2009,253000
939,73.0,8760.0,2Story,7,5,2006,1391,Y,1391,571,2,7,3,868,2006,239799
940,,24090.0,2Story,7,7,1940,,Y,1207,1196,2,10,1,349,2010,244400
941,55.0,12640.0,1Story,6,5,1976,,Y,1728,0,2,8,2,574,2006,150900
942,,8755.0,2Story,7,5,1999,992,Y,1022,1038,2,8,2,390,2009,214000
943,42.0,7711.0,1Story,4,3,1977,,Y,1440,0,2,8,0,0,2007,150000
944,100.0,25000.0,1Story,5,4,1967,1632,Y,1632,0,2,8,2,576,2007,143000
945,,14375.0,SLvl,6,6,1958,819,Y,1344,0,1,7,2,525,2009,137500
946,98.0,8820.0,1.5Fin,5,6,1890,1088,Y,1188,561,1,7,2,456,2009,124900
947,70.0,8163.0,SLvl,5,6,1959,,Y,1144,0,1,6,1,796,2006,143000
948,85.0,14536.0,1Story,8,5,2002,1616,Y,1629,0,2,9,3,808,2007,270000
949,65.0,14006.0,2Story,7,5,2002,936,Y,936,840,2,7,2,474,2006,192500
950,78.0,,1Story,6,7,1972,1161,Y,1381,0,1,5,2,676,2010,197500
951,60.0,7200.0,1Story,5,8,1950,864,Y,864,0,1,5,2,720,2007,129000
952,60.0,,1Story,5,5,1965,,Y,965,0,1,6,1,300,2006,119900
953,60.0,7200.0,SFoyer,5,8,1972,768,Y,768,0,1,5,1,396,2009,133900
954,,11075.0,2Story,5,4,1969,,Y,1168,800,2,7,2,530,2008,172000
955,35.0,9400.0,SFoyer,6,5,1975,945,Y,980,0,2,4,0,0,2006,127500
956,82.0,7136.0,2Story,6,6,1946,979,N,979,979,2,8,2,492,2007,145000
957,24.0,1300.0,2Story,6,6,1980,561,Y,561,668,1,5,2,462,2009,124000
958,70.0,7420.0,1Story,5,5,1962,,Y,1057,0,1,6,2,576,2007,132000
959,65.0,8450.0,1Story,7,5,2003,1337,Y,1337,0,2,6,2,531,2007,185000
960,24.0,2572.0,2Story,7,5,1999,,Y,696,720,2,6,2,484,2010,155000
961,50.0,7207.0,1Story,5,7,1958,,Y,858,0,1,4,0,0,2010,116500
962,,12227.0,2Story,6,7,1977,1330,Y,1542,1330,2,11,2,619,2008,272000
963,24.0,2308.0,2Story,6,6,1976,804,Y,804,744,2,7,2,440,2007,155000
964,122.0,11923.0,1Story,9,5,2007,1800,Y,1800,0,2,7,2,702,2009,239000
965,80.0,11316.0,2Story,7,5,2002,817,Y,824,1070,2,8,2,510,2010,214900
966,65.0,10237.0,2Story,6,5,2005,783,Y,783,701,2,8,2,393,2007,178900
967,130.0,9600.0,1.5Fin,5,7,1940,728,Y,976,332,1,7,1,256,2009,160000
968,,7390.0,1Story,5,7,1955,,Y,1098,0,1,6,1,260,2008,135000
969,50.0,5925.0,1.5Fin,3,6,1910,,N,600,368,1,6,0,0,2009,37900
970,75.0,10382.0,SLvl,6,5,1958,,Y,1095,0,1,6,1,264,2006,140000
971,60.0,10800.0,1.5Fin,4,4,1949,720,N,720,472,1,6,0,0,2006,135000
972,36.0,2268.0,2Story,7,5,2003,,Y,764,862,2,6,2,474,2009,173000
973,55.0,7892.0,1Story,6,5,1979,918,Y,918,0,2,5,1,264,2010,99500
974,95.0,11639.0,1Story,7,5,2007,1428,Y,1428,0,2,6,2,480,2008,182000
975,60.0,11414.0,2Story,7,8,1910,,N,1136,883,1,8,2,532,2009,167500
976,,2651.0,2Story,7,5,2000,673,Y,673,709,2,6,2,490,2006,165000
977,51.0,5900.0,1Story,4,7,1923,,Y,869,0,1,4,0,0,2006,85500
978,35.0,4274.0,1Story,7,5,2006,1241,Y,1241,0,1,4,2,569,2007,199900
979,68.0,9450.0,1Story,4,5,1954,,Y,894,0,1,5,2,400,2007,110000
980,80.0,8816.0,1Story,5,6,1963,1121,Y,1121,0,1,5,2,480,2009,139000
981,,12122.0,SFoyer,7,9,1961,,Y,999,0,1,6,2,588,2008,178400
982,98.0,12203.0,2Story,8,5,1998,,Y,1276,1336,2,8,3,676,2009,336000
983,43.0,3182.0,1Story,7,5,2007,1266,Y,1266,0,2,6,2,388,2008,159895
984,,11250.0,2Story,8,5,2002,,Y,1149,1141,2,9,2,779,2008,255900
985,75.0,10125.0,1.5Fin,5,5,1977,0,Y,1302,432,2,8,2,539,2009,126000
986,68.0,10880.0,1Story,5,5,1950,,N,1164,0,1,5,1,240,2008,125000
987,59.0,5310.0,1.5Fin,6,8,1910,485,Y,1001,634,1,5,1,255,2006,117000
988,83.0,10159.0,1Story,9,5,2009,,Y,1940,0,2,8,3,606,2010,395192
989,,12046.0,2Story,6,6,1976,848,Y,1118,912,2,8,2,551,2007,195000
990,65.0,8125.0,2Story,7,5,2006,,Y,778,798,2,6,2,614,2006,197000
991,82.0,9452.0,2Story,8,5,1997,1396,Y,1407,985,2,7,3,870,2006,348000
992,121.0,17671.0,2Story,8,9,1882,,Y,916,826,1,8,2,424,2009,168000
993,80.0,9760.0,2Story,6,8,1964,822,Y,1020,831,2,7,2,440,2007,187000
994,68.0,8846.0,2Story,6,5,2005,,Y,750,750,2,6,2,564,2006,173900
995,96.0,12456.0,1Story,10,5,2006,1700,Y,1718,0,2,7,3,786,2009,337500
996,51.0,4712.0,1.5Fin,4,7,1946,747,Y,774,456,1,5,1,305,2006,121600
997,,10659.0,1Story,5,6,1961,,Y,1050,0,1,6,1,368,2006,136500
998,,11717.0,1Story,6,6,1970,1442,Y,1442,0,2,6,2,615,2009,185000
999,60.0,9786.0,1Story,3,4,1922,,N,1077,0,1,6,1,210,2006,91000
1000,64.0,6762.0,1Story,7,5,2006,1187,Y,1208,0,2,6,2,632,2010,206000
1001,74.0,10206.0,1Story,3,3,1952,0,N,944,0,1,4,2,528,2009,82000
1002,60.0,,1Story,5,6,1920,,Y,691,0,1,4,1,216,2007,86000
1003,75.0,,1Story,8,5,2006,,Y,1574,0,2,7,3,824,2008,232000
1004,,11500.0,1Story,5,6,1976,,Y,1680,0,2,8,2,528,2007,136905
1005,43.0,3182.0,1Story,7,5,2005,,Y,1504,0,2,7,2,457,2009,181000
1006,65.0,8385.0,SLvl,5,8,1977,985,Y,985,0,2,6,1,328,2008,149900
1007,,12155.0,1Story,6,3,1970,1657,Y,1657,0,2,7,2,484,2007,163500
1008,21.0,2217.0,2Story,4,4,1970,,Y,546,546,1,6,1,286,2009,88000
1009,43.0,12118.0,1Story,7,5,2004,,Y,1710,0,2,7,2,550,2009,240000
1010,60.0,6000.0,1.5Fin,5,5,1926,1008,Y,1008,0,2,7,0,0,2006,102000
1011,115.0,21286.0,1.5Fin,5,5,1948,720,Y,720,551,2,7,1,312,2008,135000
1012,75.0,9825.0,1Story,5,5,1965,,N,1664,0,2,8,0,0,2010,100000
1013,55.0,10592.0,2Story,6,7,1923,,Y,900,602,1,7,1,180,2007,165000
1014,60.0,7200.0,1Story,5,4,1910,1022,N,1022,0,1,4,1,280,2009,85000
1015,60.0,11664.0,1Story,6,5,1948,1082,Y,1082,0,1,5,1,240,2007,119200
1016,70.0,8400.0,2Story,8,6,2001,810,Y,810,855,2,6,2,528,2009,227000
1017,73.0,11883.0,1Story,7,5,1996,1504,Y,1504,0,2,6,2,478,2009,203000
1018,,5814.0,1Story,8,5,1984,,Y,1360,0,1,4,2,565,2009,187500
1019,,10784.0,SLvl,7,5,1991,384,Y,802,670,2,7,2,402,2007,160000
1020,43.0,3013.0,1Story,7,5,2005,,Y,1506,0,2,6,2,440,2006,213490
1021,60.0,7024.0,1Story,4,5,2005,1132,Y,1132,0,1,5,2,451,2008,176000
1022,64.0,7406.0,1Story,7,5,2006,,Y,1220,0,2,6,2,632,2006,194000
1023,52.0,9439.0,1.5Fin,5,5,1930,,Y,912,336,1,6,1,160,2007,87000
1024,43.0,3182.0,1Story,7,5,2005,1346,Y,1504,0,2,7,2,437,2008,191000
1025,,15498.0,1Story,8,6,1976,,Y,2898,0,2,10,2,665,2008,287000
1026,70.0,7700.0,1Story,5,5,1972,882,Y,882,0,1,5,2,461,2007,112500
1027,73.0,9300.0,1Story,5,5,1960,,Y,1264,0,1,6,2,461,2010,167500
1028,71.0,9520.0,1Story,8,5,2007,1638,Y,1646,0,2,7,3,800,2008,293077
1029,79.0,9492.0,1.5Fin,5,5,1941,768,Y,968,408,1,6,1,240,2007,105000
1030,21.0,1680.0,2Story,6,7,1972,,Y,672,546,1,7,1,264,2006,118000
1031,,7082.0,2Story,5,8,1916,686,Y,948,980,2,10,0,0,2006,160000
1032,102.0,15863.0,2.5Fin,7,3,1920,824,Y,1687,998,2,12,2,672,2009,197000
1033,,14541.0,2Story,8,7,1993,1338,Y,1352,1168,2,10,3,796,2006,310000
1034,,8125.0,1Story,7,5,2002,,Y,1654,0,2,6,3,900,2006,230000
1035,50.0,6305.0,1Story,5,7,1938,920,Y,954,0,1,5,1,240,2007,119750
1036,,11500.0,1Story,4,3,1957,0,N,845,0,1,5,1,290,2009,84000
1037,89.0,12898.0,1Story,9,5,2007,,Y,1620,0,2,6,3,912,2009,315500
1038,,9240.0,2Story,8,5,2001,1055,Y,1055,1208,2,7,2,905,2008,287000
1039,21.0,1533.0,2Story,4,6,1970,,Y,798,546,1,6,0,0,2009,97000
1040,21.0,1477.0,SFoyer,4,4,1970,630,Y,630,0,1,3,1,286,2009,80000
1041,88.0,13125.0,1Story,5,4,1957,1134,Y,1803,0,2,8,2,484,2006,155000
1042,,9130.0,2Story,6,8,1966,800,Y,800,832,1,7,2,484,2008,173000
1043,34.0,5381.0,1Story,6,5,2005,,Y,1306,0,2,5,2,624,2009,196000
1044,86.0,11839.0,2Story,7,5,1990,,Y,1532,797,2,10,2,514,2008,262280
1045,80.0,9600.0,1Story,8,5,1981,2524,Y,2524,0,2,9,2,542,2009,278000
1046,,13680.0,1Story,3,5,1955,0,Y,1733,0,2,8,2,452,2009,139600
1047,85.0,16056.0,2Story,9,5,2005,1992,Y,1992,876,3,11,3,716,2006,556581
1048,57.0,9245.0,1Story,5,5,1994,990,Y,990,0,1,5,2,672,2008,145000
1049,100.0,21750.0,1Story,5,4,1960,,Y,1771,0,1,9,2,336,2009,115000
1050,60.0,,1Story,4,7,1946,0,Y,930,0,1,6,1,308,2010,84900
1051,73.0,8993.0,1Story,7,5,2007,,Y,1302,0,2,6,2,436,2007,176485
1052,103.0,11175.0,1Story,7,5,2007,,Y,1316,0,2,6,2,440,2007,200141
1053,100.0,9500.0,2Story,6,6,1964,816,Y,1127,850,1,9,2,540,2007,165000
1054,68.0,8562.0,1Story,5,6,1957,,Y,1526,0,1,7,1,364,2010,144500
1055,90.0,11367.0,2Story,8,5,2002,1065,Y,1091,898,2,7,2,586,2006,255000
1056,104.0,11361.0,1Story,6,5,1976,1193,Y,1523,0,2,7,2,478,2008,180000
1057,43.0,7052.0,1Story,7,5,2005,,Y,1364,0,2,6,2,484,2006,185850
1058,,29959.0,2Story,7,6,1994,973,Y,979,871,2,7,2,467,2009,248000
1059,96.0,,2Story,9,5,2008,1104,Y,1130,1054,2,10,3,836,2009,335000
1060,,11275.0,1.5Fin,6,7,1932,854,Y,1096,895,1,7,2,432,2007,220000
1061,41.0,4920.0,1Story,8,5,2001,,Y,1338,0,2,6,2,582,2010,213500
1062,120.0,18000.0,1Story,3,4,1935,894,Y,894,0,1,6,3,1248,2008,81000
1063,85.0,13600.0,2Story,5,5,1900,,N,1422,915,2,10,2,560,2007,90000
1064,50.0,6000.0,1Story,6,6,1925,1103,Y,1103,0,1,5,2,440,2006,110500
1065,,11000.0,1Story,5,6,1966,1154,Y,1154,0,1,6,2,480,2009,154000
1066,80.0,14000.0,2Story,7,5,1996,1306,Y,1306,954,2,7,2,533,2010,328000
1067,59.0,7837.0,2Story,6,7,1993,799,Y,799,772,2,7,2,380,2009,178000
1068,80.0,9760.0,2Story,6,6,1964,,Y,798,813,1,7,2,442,2008,167900
1069,42.0,3964.0,2Story,6,4,1973,942,Y,1291,1230,2,10,2,576,2006,151400
1070,60.0,9600.0,1.5Unf,5,7,1949,845,Y,893,0,1,4,2,576,2007,135000
1071,72.0,10152.0,1Story,5,5,1956,1048,Y,1048,0,1,6,1,286,2007,135000
1072,78.0,11700.0,2Story,6,6,1968,727,Y,829,727,1,8,2,441,2009,154000
1073,50.0,,1.5Fin,5,3,1948,,Y,1002,454,1,7,1,280,2006,91500
1074,75.0,7950.0,2Story,6,6,1977,690,Y,698,728,1,6,2,440,2009,159500
1075,74.0,8556.0,1Story,7,5,2006,1240,Y,1240,0,2,5,3,826,2007,194000
1076,75.0,13125.0,2Story,7,6,1940,800,Y,960,780,1,6,1,240,2007,219500
1077,60.0,10800.0,1.5Fin,5,8,1936,796,Y,1096,370,2,7,2,566,2006,170000
1078,,15870.0,1Story,5,5,1969,1096,Y,1096,0,1,6,1,299,2006,138800
1079,37.0,4435.0,1Story,6,5,2004,,Y,848,0,1,3,2,420,2006,155900
1080,65.0,8775.0,1Story,5,5,1994,990,Y,990,0,1,5,1,299,2007,126000
1081,80.0,11040.0,1Story,6,7,1971,1258,Y,1258,0,2,5,2,528,2008,145000
1082,75.0,7500.0,1Story,5,5,1963,1040,Y,1040,0,1,5,1,308,2010,133000
1083,70.0,8749.0,1Story,7,5,2002,1459,Y,1459,0,2,6,2,527,2007,192000
1084,80.0,8800.0,1Story,6,6,1964,,Y,1251,0,1,6,1,461,2006,160000
1085,,13031.0,2Story,6,5,1995,691,Y,691,807,2,6,2,409,2006,187500
1086,73.0,9069.0,SFoyer,6,6,1992,936,Y,996,0,1,5,2,564,2010,147000
1087,,1974.0,2Story,4,5,1973,546,Y,546,546,1,6,1,286,2010,83500
1088,85.0,10574.0,2Story,8,5,2005,1082,Y,1082,871,2,9,3,1043,2009,252000
1089,24.0,2522.0,2Story,7,5,2004,970,Y,970,739,2,7,2,380,2006,137500
1090,37.0,3316.0,1Story,8,5,2005,,Y,1247,0,1,4,2,550,2006,197000
1091,60.0,8544.0,1Story,3,4,1950,,N,1040,0,2,6,2,400,2009,92900
1092,24.0,2160.0,2Story,7,5,1999,600,Y,624,628,2,4,2,462,2008,160000
1093,60.0,8400.0,1.5Fin,6,5,1925,1181,Y,1390,304,2,7,2,576,2008,136500
1094,71.0,9230.0,1Story,5,8,1965,864,Y,1200,0,1,6,2,884,2006,146000
1095,74.0,5868.0,1Story,5,7,1956,,Y,936,0,1,4,1,308,2010,129000
1096,78.0,9317.0,1Story,6,5,2006,1314,Y,1314,0,2,6,2,440,2007,176432
1097,60.0,6882.0,2Story,6,7,1914,684,Y,773,582,1,7,0,0,2007,127000
1098,,3696.0,1Story,8,5,1986,1074,Y,1088,0,1,5,2,461,2007,170000
1099,50.0,6000.0,1.5Fin,4,6,1936,672,Y,757,567,1,6,1,240,2009,128000
1100,82.0,11880.0,1Story,7,5,1978,1271,Y,1601,0,2,7,2,478,2009,157000
1101,60.0,8400.0,1Story,2,5,1920,,N,438,0,1,3,1,246,2009,60000
1102,61.0,9758.0,1Story,5,5,1971,,Y,950,0,1,5,1,280,2007,119500
1103,70.0,7000.0,1Story,5,7,1960,,Y,1134,0,1,6,1,254,2007,135000
1104,79.0,8910.0,1Story,6,6,1959,655,Y,1194,0,1,6,2,539,2006,159500
1105,24.0,2016.0,2Story,5,5,1970,630,Y,630,672,2,6,2,440,2007,106000
1106,98.0,12256.0,2Story,8,5,1994,1463,Y,1500,1122,2,9,2,712,2010,325000
1107,114.0,10357.0,1Story,7,5,1990,910,Y,1442,0,2,6,2,719,2007,179900
1108,168.0,23257.0,2Story,7,5,2006,,Y,887,1134,2,9,2,422,2006,274725
1109,,8063.0,2Story,6,5,2000,,Y,948,742,2,7,2,463,2007,181000
1110,107.0,11362.0,1Story,8,5,2004,1836,Y,1836,0,2,7,3,862,2009,280000
1111,,8000.0,2Story,6,5,1995,,Y,773,885,2,8,2,431,2008,188000
1112,80.0,10480.0,2Story,7,6,1976,803,Y,1098,866,2,8,2,483,2008,205000
1113,73.0,7100.0,1Story,5,7,1957,816,Y,816,0,1,5,1,308,2006,129900
1114,66.0,8923.0,1Story,5,7,1953,1008,Y,1008,0,1,6,1,240,2007,134500
1115,90.0,5400.0,1Story,5,7,1954,833,Y,833,0,1,4,1,326,2006,117000
1116,93.0,12085.0,1Story,8,5,2007,1734,Y,1734,0,2,7,3,928,2007,318000
1117,,7750.0,SLvl,8,5,2002,408,Y,779,640,2,7,2,527,2009,184100
1118,57.0,9764.0,1Story,5,7,1967,,Y,894,0,1,5,2,450,2008,130000
1119,85.0,13825.0,SLvl,5,6,1958,533,Y,1021,580,1,6,1,300,2008,140000
1120,70.0,7560.0,1Story,5,5,1959,1040,Y,1040,0,1,6,1,286,2006,133700
1121,59.0,8263.0,1Story,6,5,1920,,Y,1012,0,1,6,1,308,2007,118400
1122,84.0,10084.0,1Story,7,5,2005,1552,Y,1552,0,2,7,3,782,2006,212900
1123,,8926.0,1Story,4,3,1956,,Y,960,0,1,5,1,288,2009,112000
1124,50.0,9405.0,1Story,5,9,1947,698,Y,698,0,1,4,0,0,2009,118000
1125,,9125.0,SLvl,7,5,1992,,Y,812,670,2,7,2,392,2007,163900
1126,60.0,10434.0,1Story,4,5,1955,1005,Y,1005,0,1,5,2,672,2009,115000
1127,53.0,3684.0,1Story,7,5,2007,1373,Y,1555,0,2,7,3,660,2009,174000
1128,182.0,14572.0,1Story,7,5,2004,,Y,1530,0,2,7,3,630,2007,259000
1129,59.0,11796.0,2Story,7,5,2004,,Y,847,1112,2,8,2,434,2007,215000
1130,60.0,7200.0,SFoyer,5,5,1980,936,Y,936,0,1,4,2,672,2007,140000
1131,65.0,7804.0,1.5Fin,4,3,1928,1122,Y,1328,653,2,7,2,576,2009,135000
1132,63.0,10712.0,1Story,5,5,1991,,Y,974,0,1,5,0,0,2007,93500
1133,90.0,9900.0,2Story,6,4,1880,,Y,1178,1032,2,8,1,205,2007,117500
1134,80.0,9828.0,2Story,8,5,1995,,Y,1142,878,2,8,2,466,2009,239500
1135,57.0,8773.0,2Story,6,5,1997,916,Y,916,684,2,7,2,460,2007,169000
1136,60.0,6180.0,1Story,6,5,1926,960,N,986,0,1,5,1,180,2007,102000
1137,80.0,9600.0,1.5Fin,6,5,1950,1032,Y,1032,220,1,6,1,288,2008,119000
1138,54.0,6342.0,1.5Fin,5,8,1875,780,N,780,240,1,6,0,0,2010,94000
1139,,9819.0,1Story,6,5,1977,,Y,1567,0,2,5,2,714,2009,196000
1140,98.0,8731.0,1Story,5,5,1920,915,Y,1167,0,1,6,2,495,2007,144000
1141,60.0,7350.0,1Story,5,7,1951,952,Y,952,0,1,4,2,840,2008,139000
1142,,10304.0,2Story,5,7,1976,,Y,1088,780,2,9,2,484,2009,197500
1143,77.0,9965.0,2Story,8,5,2006,,Y,1466,1362,3,11,3,1052,2007,424870
1144,,9000.0,1Story,5,3,1959,1006,Y,1006,0,1,5,0,0,2008,80000
1145,60.0,12180.0,1.5Fin,4,4,1941,,N,672,252,1,5,1,280,2010,80000
1146,52.0,6240.0,1.5Fin,5,6,1928,,Y,1042,534,1,8,1,225,2006,149000
1147,,11200.0,1Story,6,5,1985,1298,Y,1298,0,2,5,2,403,2006,180000
1148,75.0,12000.0,2Story,7,7,1941,,Y,860,704,1,7,1,234,2009,174500
1149,,5700.0,1.5Fin,7,7,1926,,Y,572,539,1,5,1,288,2008,116900
1150,50.0,9000.0,2Story,7,9,1920,,Y,832,650,1,7,2,324,2009,143000
1151,57.0,8280.0,1Story,6,5,1950,932,Y,932,0,1,4,1,306,2007,124000
1152,134.0,17755.0,1Story,5,4,1959,1466,Y,1466,0,1,6,2,528,2006,149900
1153,90.0,14115.0,1Story,6,7,1956,1073,Y,1811,0,1,6,2,470,2006,230000
1154,,5890.0,1Story,6,8,1930,816,Y,816,0,1,5,1,432,2008,120500
1155,,13700.0,2Story,7,6,1965,864,Y,902,918,1,8,2,492,2008,201800
1156,90.0,10768.0,1Story,5,8,1976,1437,Y,1437,0,2,6,2,528,2007,218000
1157,85.0,9350.0,SLvl,5,8,1965,1219,Y,1265,0,2,6,2,502,2008,179900
1158,34.0,5001.0,1Story,7,5,2007,,Y,1314,0,2,6,2,626,2009,230000
1159,92.0,11932.0,1Story,8,5,2007,1580,Y,1580,0,2,7,3,830,2008,235128
1160,76.0,9120.0,2Story,6,6,1974,,Y,943,933,2,8,2,540,2008,185000
1161,24.0,2280.0,2Story,6,5,1978,855,Y,855,601,2,7,2,440,2010,146000
1162,,14778.0,1Story,6,7,1954,,Y,1640,0,1,7,2,924,2008,224000
1163,109.0,8724.0,1Story,5,5,1968,894,Y,894,0,1,5,2,450,2007,129000
1164,60.0,12900.0,SFoyer,4,4,1969,,Y,1258,0,0,6,2,400,2008,108959
1165,,,SLvl,5,7,1978,,Y,1432,0,1,5,2,588,2007,194000
1166,79.0,9541.0,1Story,7,5,2009,,Y,1502,0,2,7,2,644,2009,233170
1167,64.0,10475.0,1Story,8,5,2008,1694,Y,1694,0,2,7,3,776,2010,245350
1168,58.0,10852.0,2Story,6,5,2000,959,Y,959,712,2,7,2,472,2006,173000
1169,120.0,,2Story,6,7,1935,,Y,1236,872,2,7,2,540,2008,235000
1170,118.0,35760.0,2Story,10,5,1995,1930,Y,1831,1796,3,10,3,807,2006,625000
1171,76.0,9880.0,SLvl,6,6,1977,1096,Y,1118,0,1,6,1,358,2008,171000
1172,76.0,9120.0,1Story,6,6,1958,,Y,1261,0,1,6,2,433,2008,163000
1173,35.0,4017.0,2Story,7,5,2006,625,Y,625,625,2,5,2,625,2008,171900
1174,138.0,18030.0,1.5Fin,5,6,1946,,Y,1636,971,3,12,0,0,2007,200500
1175,80.0,16560.0,2Story,6,8,1932,,Y,1170,1175,2,9,2,360,2006,239000
1176,85.0,10678.0,1.5Fin,8,5,1992,1683,Y,2129,743,2,9,2,541,2007,285000
1177,37.0,6951.0,1Story,5,5,1984,876,Y,923,0,1,5,1,264,2008,119500
1178,,3950.0,1.5Fin,6,8,1926,818,Y,818,406,1,5,1,210,2009,115000
1179,54.0,7681.0,1.5Fin,5,6,1921,,Y,820,523,1,7,1,186,2009,154900
1180,77.0,8335.0,1Story,5,5,1954,,Y,1124,0,1,5,0,0,2006,93000
1181,,11170.0,2Story,7,5,1990,,Y,1298,1216,2,8,2,693,2006,250000
1182,64.0,,1Story,8,5,2008,1600,Y,1652,0,2,5,2,482,2008,392500
1183,160.0,15623.0,2Story,10,5,1996,,Y,2411,2065,3,10,3,813,2007,745000
1184,60.0,10800.0,1Story,5,6,1920,1120,Y,1130,0,1,5,2,720,2006,120000
1185,50.0,35133.0,1Story,5,4,1963,1572,Y,1572,0,1,5,3,995,2007,186700
1186,60.0,9738.0,1.5Fin,5,7,1924,784,Y,949,272,1,7,1,392,2006,104900
1187,107.0,,2Story,3,5,1900,978,Y,1014,685,2,7,2,420,2009,95000
1188,89.0,12461.0,1Story,8,5,1994,,Y,1624,0,2,5,3,757,2006,262000
1189,68.0,8935.0,2Story,7,5,2002,,Y,831,829,2,7,2,493,2009,195000
1190,60.0,7500.0,2Story,7,5,1999,994,Y,1028,776,2,7,2,442,2010,189000
1191,,32463.0,1Story,4,4,1961,1249,Y,1622,0,1,7,4,1356,2007,168000
1192,24.0,2645.0,2Story,8,5,1999,776,Y,764,677,2,5,2,492,2007,174000
1193,60.0,9600.0,1.5Fin,5,8,1925,,Y,842,630,1,6,1,250,2007,125000
1194,,,1Story,6,5,1999,1224,Y,1224,0,2,5,2,402,2009,165000
1195,80.0,9364.0,2Story,6,7,1969,663,Y,663,689,1,7,1,299,2010,158000
1196,51.0,8029.0,2Story,6,5,2005,,Y,728,728,2,8,2,400,2008,176000
1197,58.0,14054.0,2Story,7,5,2006,879,Y,879,984,2,9,3,660,2006,219210
1198,65.0,8850.0,2.5Unf,7,6,1916,,Y,815,875,1,7,1,225,2006,144000
1199,70.0,9100.0,1Story,7,5,2001,1212,Y,1212,0,2,6,2,573,2009,178000
1200,75.0,,1Story,4,5,1963,1051,Y,1382,0,1,6,2,459,2006,148000
1201,71.0,9353.0,1Story,4,5,1970,,Y,864,0,1,5,1,280,2006,116050
1202,80.0,10400.0,2Story,7,5,1998,,Y,866,913,2,6,2,546,2009,197900
1203,50.0,6000.0,1.5Fin,5,8,1925,884,Y,884,464,1,5,1,216,2009,117000
1204,75.0,9750.0,1Story,7,5,2000,,Y,1630,0,2,6,2,451,2009,213000
1205,78.0,10140.0,1Story,5,6,1975,1056,Y,1074,0,1,6,2,495,2006,153500
1206,90.0,14684.0,1Story,7,7,1990,2158,Y,2196,0,2,7,3,701,2009,271900
1207,,8900.0,1Story,4,4,1966,,Y,1056,0,1,5,1,384,2006,107000
1208,70.0,9135.0,1Story,6,5,2003,1682,Y,1700,0,2,7,2,544,2006,200000
1209,70.0,7763.0,1Story,5,7,1962,931,Y,1283,0,1,6,2,506,2008,140000
1210,85.0,10182.0,1Story,8,5,2006,1660,Y,1660,0,2,8,2,500,2006,290000
1211,70.0,11218.0,2Story,6,5,1992,1055,Y,1055,790,2,8,2,462,2010,189000
1212,152.0,12134.0,1.5Fin,8,7,1988,559,Y,1080,672,2,8,2,492,2010,164000
1213,50.0,9340.0,1Story,4,6,1941,,Y,672,0,1,4,1,234,2009,113000
1214,,10246.0,SLvl,4,9,1965,648,Y,960,0,0,3,1,364,2006,145000
1215,69.0,10205.0,SFoyer,5,5,1962,925,Y,999,0,1,6,1,300,2006,134500
1216,99.0,7094.0,1Story,5,5,1966,894,Y,894,0,1,5,1,384,2007,125000
1217,68.0,8930.0,1.5Fin,6,5,1978,,Y,1318,584,2,8,2,539,2010,112000
1218,72.0,8640.0,1Story,8,5,2009,1300,Y,1314,0,2,6,2,552,2009,229456
1219,52.0,6240.0,1.5Fin,4,5,1947,,N,672,240,1,3,0,0,2006,80500
1220,21.0,1680.0,2Story,6,5,1971,672,Y,672,546,1,7,0,0,2006,91500
1221,66.0,7800.0,1Story,5,5,1964,912,Y,912,0,1,5,1,288,2006,115000
1222,55.0,8250.0,1Story,5,5,1968,952,Y,1211,0,1,5,1,322,2008,134000
1223,78.0,10496.0,1.5Fin,6,6,1949,1040,Y,1168,678,2,7,1,315,2007,143000
1224,89.0,10680.0,1Story,5,3,1951,,N,2136,0,2,7,2,528,2006,137900
1225,60.0,15384.0,2Story,7,5,2004,788,Y,788,702,2,8,2,388,2008,184000
1226,65.0,10482.0,SLvl,6,8,1958,,Y,1138,0,1,6,1,264,2007,145000
1227,86.0,14598.0,2Story,6,5,2007,,Y,894,1039,2,9,3,668,2008,214000
1228,72.0,8872.0,1Story,5,8,1965,912,Y,912,0,1,5,2,576,2008,147000
1229,65.0,8769.0,1Story,9,5,2008,1702,Y,1702,0,1,7,3,1052,2008,367294
1230,70.0,,SLvl,5,5,1960,,Y,1507,0,2,7,1,404,2008,127000
1231,,18890.0,1.5Fin,5,5,1977,1361,Y,1361,1259,2,12,2,600,2007,190000
1232,70.0,7728.0,SLvl,5,6,1962,1106,Y,1190,0,1,6,2,540,2006,132500
1233,70.0,9842.0,1Story,4,5,1962,,Y,1224,0,2,6,2,462,2007,101800
1234,,12160.0,1Story,5,5,1959,1188,Y,1188,0,1,6,2,531,2010,142000
1235,55.0,8525.0,2Story,5,6,1911,940,N,1024,940,1,7,0,0,2008,130000
1236,96.0,,2Story,5,5,1914,747,Y,892,892,1,9,1,180,2006,138887
1237,36.0,,2Story,7,5,2003,764,Y,764,862,2,6,2,474,2010,175500
1238,41.0,12393.0,2Story,7,5,2004,847,Y,847,1101,2,8,2,434,2006,195000
1239,63.0,13072.0,1Story,6,5,2005,,Y,1141,0,1,6,2,484,2006,142500
1240,64.0,9037.0,1Story,8,5,2006,,Y,1484,0,2,6,2,472,2007,265900
1241,65.0,8158.0,2Story,7,5,2003,884,Y,884,884,2,8,2,543,2008,224900
1242,83.0,9849.0,1Story,7,6,2007,,Y,1689,0,2,7,3,954,2007,248328
1243,85.0,10625.0,SFoyer,7,6,1974,,Y,1173,0,2,6,2,528,2010,170000
1244,107.0,13891.0,1Story,10,5,2006,,Y,2076,0,2,7,3,850,2006,465000
1245,,11435.0,2Story,8,7,1929,,Y,792,725,1,7,2,400,2006,230000
1246,78.0,12090.0,SLvl,6,7,1984,,Y,1140,728,3,7,2,477,2007,178000
1247,65.0,8125.0,2Story,7,5,2005,756,Y,756,797,2,6,2,615,2006,186500
1248,,12328.0,SLvl,6,5,1976,1012,Y,1034,0,1,6,3,888,2010,169900
1249,60.0,9600.0,2.5Unf,6,5,1917,,N,1134,924,1,8,2,396,2008,129500
1250,60.0,7200.0,1Story,5,7,1950,,Y,988,0,1,6,1,276,2007,119000
1251,93.0,,1Story,7,5,1968,,Y,2110,0,2,8,2,522,2010,244000
1252,,3136.0,1Story,7,5,2003,1405,Y,1405,0,2,6,2,478,2006,171750
1253,62.0,9858.0,1Story,5,6,1968,864,Y,874,0,1,5,1,288,2009,130000
1254,,17542.0,2Story,7,7,1974,,Y,1516,651,2,9,2,518,2007,294000
1255,60.0,6931.0,2Story,7,5,2003,746,Y,760,896,2,7,2,397,2008,165400
1256,52.0,6240.0,1.5Fin,6,6,1931,884,Y,959,408,1,6,1,560,2007,127500
1257,91.0,14303.0,1Story,8,5,1994,,Y,1987,0,2,7,2,691,2008,301500
1258,56.0,4060.0,1Story,5,8,1922,864,Y,864,0,1,4,0,0,2009,99900
1259,59.0,9587.0,SLvl,7,5,2005,856,Y,1166,0,2,5,2,400,2008,190000
1260,65.0,9750.0,1Story,6,8,1969,1054,Y,1054,0,1,6,2,460,2008,151000
1261,,24682.0,2Story,6,5,1999,841,Y,892,783,2,7,2,502,2009,181000
1262,80.0,9600.0,1Story,5,6,1956,1050,Y,1050,0,1,5,1,338,2009,128900
1263,,11250.0,1.5Fin,4,5,1957,,Y,1104,684,1,8,1,304,2009,161500
1264,60.0,13515.0,2Story,6,6,1919,,Y,1060,764,1,8,2,520,2007,180500
1265,34.0,4060.0,1Story,6,5,1998,,Y,1337,0,2,5,2,511,2008,181000
1266,35.0,,2Story,7,5,1999,691,Y,713,739,2,6,2,506,2006,183900
1267,60.0,10120.0,2.5Unf,7,4,1910,,N,964,925,1,9,1,308,2007,122000
1268,89.0,13214.0,1Story,9,5,2008,2002,Y,2018,0,2,10,3,746,2010,378500
1269,,14100.0,1.5Fin,8,9,1935,728,Y,1968,1479,3,11,3,1014,2008,381000
1270,78.0,11344.0,1.5Fin,5,5,1958,,Y,874,650,1,7,1,315,2007,144000
1271,,23595.0,1Story,7,6,1979,,Y,1332,192,0,4,2,586,2010,260000
1272,,9156.0,1Story,6,7,1968,,Y,1489,0,2,7,2,462,2009,185750
1273,,13526.0,1Story,5,6,1965,935,Y,935,0,1,5,1,288,2006,137000
1274,124.0,11512.0,SLvl,6,7,1959,,Y,1357,0,1,5,1,312,2008,177000
1275,53.0,5362.0,1.5Fin,5,6,1910,,Y,661,589,2,8,2,552,2007,139000
1276,95.0,11345.0,2Story,5,5,1948,928,Y,928,992,2,10,2,400,2007,137000
1277,,12936.0,2Story,6,6,1972,723,Y,735,660,1,6,2,497,2009,162000
1278,,17871.0,SLvl,6,5,1967,1680,Y,1724,0,1,7,2,480,2009,197900
1279,75.0,9473.0,2Story,8,5,2002,,Y,1128,903,2,7,2,577,2008,237000
1280,60.0,7500.0,1.5Fin,4,4,1920,698,Y,698,430,1,6,2,528,2010,68400
1281,67.0,9808.0,1Story,7,5,2002,,Y,1573,0,2,6,2,544,2009,227000
1282,50.0,8049.0,1Story,7,5,1990,,Y,1339,0,2,6,2,484,2006,180000
1283,61.0,8800.0,1Story,5,7,1977,1040,Y,1040,0,2,5,2,484,2009,150500
1284,94.0,9400.0,2Story,6,5,1971,912,Y,912,912,2,8,0,0,2010,139000
1285,50.0,,1.5Fin,6,7,1919,804,Y,1699,748,2,10,1,336,2010,169000
1286,50.0,6000.0,1.5Fin,6,6,1939,,Y,825,587,1,6,1,280,2009,132500
1287,,9790.0,1Story,6,5,1963,1328,Y,1328,0,1,6,2,528,2010,143000
1288,,36500.0,1Story,5,5,1964,,Y,1582,0,2,7,2,390,2006,190000
1289,40.0,5664.0,1Story,8,5,2000,1501,Y,1659,0,2,5,2,499,2009,278000
1290,86.0,,2Story,8,5,2006,,Y,1120,850,2,8,3,753,2006,281000
1291,,14112.0,SLvl,5,7,1964,1152,Y,1152,0,1,6,2,484,2010,180500
1292,21.0,1680.0,2Story,5,7,1972,630,Y,630,672,2,6,1,264,2009,119500
1293,60.0,6600.0,2Story,5,4,1892,,N,1378,994,2,11,1,432,2009,107500
1294,78.0,10140.0,2Story,7,5,1976,832,Y,832,832,2,8,2,528,2006,162900
1295,60.0,8172.0,1Story,5,7,1955,864,Y,864,0,1,5,2,572,2006,115000
1296,70.0,8400.0,1Story,5,5,1968,1052,Y,1052,0,1,5,1,288,2006,138500
1297,80.0,8700.0,1Story,5,6,1963,,Y,1128,0,2,6,2,525,2008,155000
1298,35.0,3675.0,SFoyer,6,5,2005,547,Y,1072,0,2,5,2,525,2006,140000
1299,313.0,63887.0,2Story,10,5,2008,,Y,4692,950,2,12,2,1418,2008,160000
1300,75.0,7500.0,1Story,5,7,1959,,Y,1246,0,1,6,1,305,2010,154000
1301,,10762.0,2Story,7,5,1999,978,Y,1005,978,2,9,2,490,2009,225000
1302,,7500.0,2Story,6,7,1942,771,Y,753,741,1,7,1,213,2009,177500
1303,92.0,10120.0,2Story,8,5,1994,1165,Y,1203,1323,2,8,3,844,2006,290000
1304,73.0,8688.0,1Story,7,5,2005,1616,Y,1616,0,2,7,3,834,2006,232000
1305,32.0,3363.0,2Story,7,5,2004,976,Y,976,732,2,7,2,380,2006,130000
1306,108.0,13173.0,1Story,9,5,2006,1652,Y,1652,0,2,6,2,840,2009,325000
1307,48.0,,1Story,7,5,2005,1368,Y,1368,0,2,6,2,474,2006,202500
1308,60.0,,1Story,5,5,1994,990,Y,990,0,1,5,2,480,2009,138000
1309,100.0,12000.0,1Story,5,7,1948,,Y,1122,0,1,6,2,528,2008,147000
1310,,7153.0,1Story,6,5,1991,1278,Y,1294,0,2,6,2,496,2008,179200
1311,100.0,17500.0,1Story,7,8,1959,1902,Y,1902,0,2,7,2,567,2010,335000
1312,68.0,8814.0,1Story,7,5,2005,1274,Y,1274,0,2,6,2,508,2007,203000
1313,,9572.0,2Story,8,5,1990,1453,Y,1453,1357,2,9,2,750,2007,302000
1314,108.0,14774.0,2Story,9,5,1999,,Y,1422,1177,2,10,3,779,2010,333168
1315,60.0,8190.0,1Story,4,6,1954,,Y,948,0,1,5,1,280,2007,119000
1316,85.0,,2Story,6,5,1969,952,Y,1092,1020,2,9,2,576,2008,206900
1317,61.0,10226.0,1Story,8,5,2008,,Y,1630,0,2,8,3,860,2009,295493
1318,47.0,4230.0,1Story,7,5,2006,,Y,1352,0,2,5,2,466,2007,208900
1319,,14781.0,1Story,8,5,2001,1753,Y,1787,0,2,7,3,748,2006,275000
1320,75.0,10215.0,1Story,4,5,1954,864,Y,948,0,1,5,1,248,2007,111000
1321,70.0,8400.0,1Story,6,3,1957,,Y,1478,0,1,6,2,442,2009,156500
1322,,,1Story,3,6,1949,0,N,720,0,1,4,1,287,2008,72500
1323,107.0,10186.0,2Story,7,5,1992,,Y,1061,862,2,8,2,564,2010,190000
1324,50.0,5330.0,1Story,4,7,1940,,Y,708,0,1,5,0,0,2009,82500
1325,75.0,9986.0,1Story,8,5,2006,1795,Y,1795,0,2,7,3,895,2007,147000
1326,40.0,3636.0,1Story,4,4,1922,796,N,796,0,1,5,0,0,2008,55000
1327,70.0,4270.0,1Story,3,6,1931,544,Y,774,0,1,6,0,0,2007,79000
1328,60.0,6600.0,1Story,5,9,1982,816,Y,816,0,1,5,1,264,2008,130500
1329,60.0,10440.0,1.5Fin,6,7,1920,1510,Y,1584,1208,2,8,2,520,2008,256000
1330,63.0,9084.0,2Story,7,5,1998,,Y,955,677,2,8,2,462,2006,176500
1331,85.0,,1Story,8,5,2006,1588,Y,1588,0,2,7,3,825,2007,227000
1332,55.0,10780.0,SLvl,5,5,1976,911,Y,954,0,1,6,2,576,2006,132500
1333,67.0,8877.0,1Story,4,6,1938,816,Y,816,0,1,3,1,288,2009,100000
1334,60.0,7200.0,1.5Fin,5,6,1938,,Y,803,557,1,6,1,297,2006,125500
1335,24.0,2368.0,2Story,5,6,1970,765,Y,765,600,1,7,2,440,2009,125000
1336,80.0,,1Story,6,5,1977,1350,Y,1334,0,2,6,2,630,2009,167900
1337,87.0,9246.0,1Story,5,5,1973,,Y,1656,0,2,8,2,506,2008,135000
1338,153.0,4118.0,1Story,4,4,1941,693,N,693,0,1,4,0,0,2006,52500
1339,95.0,13450.0,2Story,7,5,2002,916,Y,920,941,2,8,2,492,2006,200000
1340,120.0,9560.0,1Story,5,7,1972,,Y,864,0,1,5,1,288,2006,128500
1341,70.0,8294.0,1Story,4,5,1971,,Y,872,0,1,5,4,480,2007,123000
1342,66.0,13695.0,1Story,6,5,2003,1114,Y,1114,0,1,6,2,576,2008,155000
1343,,9375.0,2Story,8,5,2002,1284,Y,1284,885,2,7,2,647,2007,228500
1344,57.0,7558.0,1.5Fin,6,6,1928,896,Y,1172,741,1,9,2,342,2009,177000
1345,85.0,11103.0,2Story,7,5,2006,,Y,728,728,2,8,2,440,2007,155835
1346,50.0,6000.0,1Story,4,4,1920,960,Y,960,0,1,5,1,308,2007,108500
1347,,20781.0,1Story,7,7,1968,1568,Y,2156,0,2,9,2,508,2006,262500
1348,93.0,15306.0,1Story,8,5,2006,1732,Y,1776,0,2,7,3,712,2007,283463
1349,,,1Story,7,5,1998,,Y,1494,0,2,5,2,514,2007,215000
1350,50.0,5250.0,2Story,8,5,1872,,N,938,1215,2,8,0,0,2008,122000
1351,91.0,,2Story,5,5,1969,1248,Y,1338,1296,2,12,4,968,2009,200000
1352,70.0,9247.0,2Story,6,6,1962,858,Y,858,858,1,8,2,490,2008,171000
1353,50.0,6000.0,1.5Fin,6,9,1937,698,Y,786,390,1,4,2,624,2009,134900
1354,56.0,14720.0,1.5Fin,8,5,1995,2033,Y,2053,1185,2,9,3,666,2010,410000
1355,,10316.0,2Story,7,5,2000,992,Y,992,873,2,7,3,839,2008,235000
1356,102.0,10192.0,SLvl,7,6,1968,,Y,1222,698,3,8,2,487,2006,170000
1357,,9477.0,1Story,5,5,1966,864,Y,892,0,1,5,1,264,2008,110000
1358,,12537.0,1Story,5,6,1971,,Y,1078,0,1,6,2,500,2010,149900
1359,,2117.0,2Story,6,5,2000,756,Y,769,804,2,5,2,440,2010,177500
1360,129.0,16737.0,1Story,9,5,2004,1980,Y,1980,0,2,8,3,770,2006,315000
1361,51.0,9842.0,2Story,5,6,1921,612,Y,990,1611,3,8,2,621,2008,189000
1362,124.0,16158.0,1Story,7,5,2005,1530,Y,1530,0,2,7,2,430,2009,260000
1363,,12513.0,1.5Fin,4,4,1920,715,Y,1281,457,2,7,1,368,2009,104900
1364,73.0,8499.0,2Story,6,5,2006,616,Y,616,796,2,6,2,432,2007,156932
1365,30.0,3180.0,2Story,7,5,2005,600,Y,520,600,2,4,2,480,2006,144152
1366,,7500.0,2Story,7,5,2000,814,Y,814,860,2,7,2,663,2010,216000
1367,68.0,9179.0,2Story,7,5,1999,,Y,882,908,2,7,2,588,2008,193000
1368,41.0,2665.0,2Story,5,6,1977,757,Y,925,550,2,6,1,336,2006,127000
1369,,4435.0,1Story,6,5,2003,,Y,848,0,1,4,2,420,2009,144000
1370,48.0,10635.0,1Story,8,5,2003,1657,Y,1668,0,2,8,2,502,2010,232000
1371,90.0,5400.0,1.5Fin,4,6,1920,,Y,840,534,1,6,1,338,2009,105000
1372,80.0,9600.0,SLvl,6,6,1955,992,Y,1661,0,1,8,1,377,2008,165500
1373,75.0,9750.0,2Story,7,6,1998,,Y,1108,989,2,8,2,583,2006,274300
1374,,11400.0,1Story,10,5,2001,2633,Y,2633,0,2,8,3,804,2007,466500
1375,85.0,,2Story,7,5,2005,,Y,1026,932,2,9,3,936,2008,250000
1376,89.0,10991.0,1Story,8,5,2007,1571,Y,1571,0,2,7,3,722,2007,239000
1377,52.0,6292.0,1Story,6,5,1930,768,N,790,0,1,4,1,160,2008,91000
1378,60.0,10998.0,1.5Fin,5,5,1941,984,Y,984,620,2,6,2,660,2009,117000
1379,21.0,1953.0,2Story,6,5,1973,483,Y,483,504,1,5,1,264,2006,83000
1380,73.0,9735.0,SLvl,5,5,2006,,Y,754,640,2,7,2,400,2008,167500
1381,45.0,8212.0,1Story,3,3,1914,864,N,864,0,1,5,1,200,2010,58500
1382,,12925.0,1Story,6,7,1970,1205,Y,2117,0,2,7,2,550,2008,237500
1383,60.0,7200.0,2Story,7,7,1920,,Y,998,764,1,8,2,576,2006,157000
1384,,25339.0,1Story,5,7,1918,816,Y,1416,0,2,7,2,576,2007,112000
1385,60.0,9060.0,1.5Fin,6,5,1939,,Y,698,560,1,6,1,280,2009,105000
1386,40.0,5436.0,1.5Fin,4,8,1922,796,Y,796,358,1,7,1,240,2010,125500
1387,80.0,16692.0,2Story,7,5,1978,1392,Y,1392,1392,3,12,2,564,2006,250000
1388,60.0,8520.0,1.5Fin,6,7,1916,,N,1664,862,2,10,1,216,2007,136000
1389,42.0,14892.0,1Story,9,5,2006,1746,Y,1746,0,2,7,3,758,2009,377500
1390,60.0,6000.0,1.5Fin,6,6,1941,,Y,869,349,1,6,2,440,2007,131000
1391,70.0,9100.0,1Story,7,5,2000,1525,Y,1525,0,2,6,2,541,2006,235000
1392,65.0,8944.0,1Story,5,5,1967,1584,Y,1584,0,2,8,3,792,2009,124000
1393,68.0,7838.0,SFoyer,5,5,1967,864,Y,900,0,1,6,1,288,2006,123000
1394,60.0,10800.0,1.5Fin,6,7,1905,482,N,1221,691,2,7,2,672,2008,163000
1395,53.0,4045.0,1Story,7,5,2006,1356,Y,1500,0,2,6,3,648,2006,246578
1396,88.0,,2Story,8,5,2005,,Y,1133,1349,2,9,3,642,2007,281213
1397,,,1Story,5,5,1948,,Y,1687,0,1,7,2,572,2010,160000
1398,51.0,6120.0,2Story,5,8,1920,,Y,939,574,1,8,1,180,2007,137500
1399,60.0,7200.0,1.5Fin,5,4,1950,1208,Y,1136,768,1,7,1,240,2009,138000
1400,51.0,6171.0,1.5Fin,6,6,1925,976,Y,1160,448,2,7,1,216,2009,137450
1401,50.0,6000.0,1.5Fin,6,7,1929,862,Y,950,208,1,5,1,208,2008,120000
1402,62.0,7415.0,2Story,6,5,2004,839,Y,864,729,2,8,2,398,2008,193000
1403,64.0,6762.0,1Story,7,5,2006,1286,Y,1294,0,2,6,2,662,2006,193879
1404,49.0,15256.0,1Story,8,5,2007,1485,Y,1464,0,2,6,3,754,2007,282922
1405,60.0,10410.0,1.5Fin,3,4,1915,672,Y,694,520,1,6,3,936,2006,105000
1406,44.0,3842.0,1Story,8,5,2004,,Y,1646,0,2,5,2,482,2008,275000
1407,70.0,8445.0,SFoyer,5,7,1972,,Y,768,0,1,5,2,396,2009,133000
1408,,8780.0,1Story,5,5,1985,,Y,833,0,1,5,0,0,2009,112000
1409,60.0,7740.0,2Story,4,7,1910,,Y,741,622,1,6,2,528,2010,125500
1410,46.0,20544.0,2Story,7,6,1986,791,Y,1236,857,2,7,2,542,2008,215000
1411,79.0,12420.0,2Story,7,5,2001,944,Y,944,896,2,6,2,622,2009,230000
1412,80.0,9600.0,1.5Fin,6,8,1950,856,Y,1112,556,1,6,1,271,2009,140000
1413,60.0,7200.0,1Story,4,5,1949,0,N,1040,0,2,6,2,420,2009,90000
1414,88.0,10994.0,1Story,8,5,2005,1844,Y,1844,0,2,7,2,620,2009,257000
1415,64.0,13053.0,1.5Fin,6,7,1923,833,Y,1053,795,1,8,2,370,2008,207000
1416,51.0,,1Story,7,5,2007,,Y,1569,0,2,7,3,660,2009,175900
1417,60.0,11340.0,2Story,4,6,1885,,Y,1246,1044,2,11,2,560,2010,122500
1418,,,2Story,8,5,1998,1284,Y,1310,1140,2,7,3,1069,2009,340000
1419,71.0,9204.0,1Story,5,5,1963,,Y,1144,0,1,6,1,336,2008,124000
1420,,16381.0,1Story,6,5,1969,1844,Y,1844,0,2,7,2,540,2006,223000
1421,90.0,11700.0,2Story,6,6,1968,,Y,708,708,2,7,2,776,2006,179900
1422,53.0,4043.0,1Story,6,5,1977,1069,Y,1069,0,2,4,2,440,2010,127500
1423,37.0,4435.0,1Story,6,5,2003,848,Y,848,0,1,3,2,420,2008,136500
1424,,19690.0,SLvl,6,7,1966,697,Y,1575,626,2,8,2,432,2006,274970
1425,,9503.0,1Story,5,5,1958,,Y,1344,0,1,6,1,484,2007,144000
1426,80.0,10721.0,1Story,6,6,1959,1252,Y,1252,0,1,7,2,528,2008,142000
1427,81.0,10944.0,2Story,7,5,1994,1223,Y,1223,904,2,5,2,525,2008,271000
1428,60.0,,1.5Fin,5,6,1945,913,Y,1048,510,1,6,1,288,2008,140000
1429,60.0,,1Story,5,7,1940,,Y,804,0,1,4,1,240,2010,119000
1430,,12546.0,1Story,6,7,1981,1440,Y,1440,0,2,7,2,467,2007,182900
1431,60.0,21930.0,2Story,5,5,2005,732,Y,734,1104,2,7,2,372,2006,192140
1432,,4928.0,1Story,6,6,1976,,Y,958,0,2,5,2,440,2009,143750
1433,60.0,10800.0,1Story,4,6,1927,656,Y,968,0,2,5,1,216,2007,64500
1434,93.0,10261.0,2Story,6,5,2000,936,Y,962,830,2,8,2,451,2008,186500
1435,80.0,17400.0,1Story,5,5,1977,,Y,1126,0,2,5,2,484,2006,160000
1436,80.0,8400.0,1Story,6,9,1962,1319,Y,1537,0,1,7,2,462,2008,174000
1437,60.0,9000.0,1Story,4,6,1971,864,Y,864,0,1,5,2,528,2007,120500
1438,96.0,,1Story,8,5,2008,1932,Y,1932,0,2,7,3,774,2008,394617
1439,90.0,7407.0,1Story,6,7,1957,912,Y,1236,0,1,6,2,923,2010,149700
1440,80.0,11584.0,SLvl,7,6,1979,,Y,1040,685,2,6,2,550,2007,197000
1441,79.0,11526.0,2.5Fin,6,7,1922,,Y,1423,748,2,11,2,672,2008,191000
1442,,,1Story,6,5,2004,,Y,848,0,1,3,2,420,2008,149300
1443,85.0,11003.0,2Story,10,5,2008,,Y,1026,981,2,10,3,812,2009,310000
1444,,8854.0,1.5Unf,6,6,1916,952,N,952,0,1,4,1,192,2009,121000
1445,63.0,8500.0,1Story,7,5,2004,1422,Y,1422,0,2,7,2,626,2007,179600
1446,70.0,8400.0,SFoyer,6,5,1966,,Y,913,0,1,6,1,240,2007,129000
1447,,26142.0,1Story,5,7,1962,,Y,1188,0,1,6,1,312,2010,157900
1448,80.0,10000.0,2Story,8,5,1995,1220,Y,1220,870,2,8,2,556,2007,240000
1449,70.0,11767.0,2Story,4,7,1910,560,N,796,550,1,6,1,384,2007,112000
1450,21.0,1533.0,SFoyer,5,7,1970,,Y,630,0,1,3,0,0,2006,92000
1451,60.0,9000.0,2Story,5,5,1974,,Y,896,896,2,8,0,0,2009,136000
1452,78.0,9262.0,1Story,8,5,2008,1573,Y,1578,0,2,7,3,840,2009,287090
1453,35.0,3675.0,SLvl,5,5,2005,547,Y,1072,0,1,5,2,525,2006,145000
1454,90.0,17217.0,1Story,5,5,2006,1140,Y,1140,0,1,6,0,0,2006,84500
1455,62.0,7500.0,1Story,7,5,2004,1221,Y,1221,0,2,6,2,400,2009,185000
1456,62.0,7917.0,2Story,6,5,1999,,Y,953,694,2,7,2,460,2007,175000
1457,85.0,13175.0,1Story,6,6,1978,1542,Y,2073,0,2,7,2,500,2010,210000
1458,66.0,9042.0,2Story,7,9,1941,1152,Y,1188,1152,2,9,1,252,2010,266500
1459,68.0,9717.0,1Story,5,6,1950,1078,Y,1078,0,1,5,1,240,2010,142125
1460,75.0,9937.0,1Story,5,6,1965,1256,Y,1256,0,1,6,1,276,2008,147500
